CENTRALWAVELNG,BANDWIDTH,PL_TRANDEP,PL_TRANDEPERR1,PL_TRANDEPERR2,PL_TRANDEP_AUTHORS,PL_RATROR,PL_RATRORERR1,PL_RATRORERR2,PL_RATROR_AUTHORS,PL_RADJ,PL_RADJERR1,PL_RADJERR2,PL_RADJ_AUTHORS,PL_TRANMID,PL_TRANMIDERR1,PL_TRANMIDERR2,ST_RAD,ST_RADERR1,ST_RADERR2,ST_RAD_AUTHORS
2.73551,0.0034,2.13585,0.04474,-0.04427,Calculated,0.14615,0.00152,-0.00152,Sing et al. 2024,0.9529,0.0301,-0.0301,Calculated,,,,0.67,0.02,-0.02,Piaulet et al. 2021
2.73891,0.0034,2.10484,0.04033,-0.03995,Calculated,0.14508,0.00138,-0.00138,Sing et al. 2024,0.9459,0.0296,-0.0296,Calculated,,,,0.67,0.02,-0.02,Piaulet et al. 2021
2.74231,0.0034,2.11376,0.03694,-0.03662,Calculated,0.14539,0.00126,-0.00126,Sing et al. 2024,0.9479,0.0295,-0.0295,Calculated,,,,0.67,0.02,-0.02,Piaulet et al. 2021
2.74571,0.0034,2.11499,0.03532,-0.03503,Calculated,0.14543,0.00121,-0.00121,Sing et al. 2024,0.9482,0.0294,-0.0294,Calculated,,,,0.67,0.02,-0.02,Piaulet et al. 2021
2.74911,0.0034,2.14942,0.03249,-0.03225,Calculated,0.14661,0.0011,-0.0011,Sing et al. 2024,0.9559,0.0294,-0.0294,Calculated,,,,0.67,0.02,-0.02,Piaulet et al. 2021
2.7525,0.0034,2.07625,0.02914,-0.02894,Calculated,0.14409,0.00101,-0.00101,Sing et al. 2024,0.9395,0.0288,-0.0288,Calculated,,,,0.67,0.02,-0.02,Piaulet et al. 2021
2.7559,0.0034,2.08383,0.02937,-0.02916,Calculated,0.14435,0.00101,-0.00101,Sing et al. 2024,0.9412,0.0289,-0.0289,Calculated,,,,0.67,0.02,-0.02,Piaulet et al. 2021
2.7593,0.0034,2.13497,0.025,-0.02485,Calculated,0.14612,8.5E-4,-8.5E-4,Sing et al. 2024,0.9527,0.029,-0.029,Calculated,,,,0.67,0.02,-0.02,Piaulet et al. 2021
2.7627,0.0034,2.12854,0.0242,-0.02406,Calculated,0.1459,8.3E-4,-8.3E-4,Sing et al. 2024,0.9512,0.0289,-0.0289,Calculated,,,,0.67,0.02,-0.02,Piaulet et al. 2021
2.7661,0.0034,2.14393,0.02468,-0.02454,Calculated,0.14642,8.4E-4,-8.4E-4,Sing et al. 2024,0.9547,0.029,-0.029,Calculated,,,,0.67,0.02,-0.02,Piaulet et al. 2021
2.7695,0.0034,2.15168,0.01993,-0.01983,Calculated,0.14669,6.8E-4,-6.8E-4,Sing et al. 2024,0.9564,0.0289,-0.0289,Calculated,,,,0.67,0.02,-0.02,Piaulet et al. 2021
2.7729,0.0034,2.11705,0.01973,-0.01964,Calculated,0.1455,6.8E-4,-6.8E-4,Sing et al. 2024,0.9486,0.0287,-0.0287,Calculated,,,,0.67,0.02,-0.02,Piaulet et al. 2021
2.77629,0.0034,2.11979,0.0189,-0.01881,Calculated,0.14559,6.5E-4,-6.5E-4,Sing et al. 2024,0.9493,0.0286,-0.0286,Calculated,,,,0.67,0.02,-0.02,Piaulet et al. 2021
2.77969,0.0034,2.13753,0.01799,-0.01791,Calculated,0.1462,6.1E-4,-6.1E-4,Sing et al. 2024,0.9532,0.0287,-0.0287,Calculated,,,,0.67,0.02,-0.02,Piaulet et al. 2021
2.78309,0.0034,2.09499,0.01773,-0.01766,Calculated,0.14474,6.1E-4,-6.1E-4,Sing et al. 2024,0.9437,0.0285,-0.0285,Calculated,,,,0.67,0.02,-0.02,Piaulet et al. 2021
2.78649,0.0034,2.13633,0.01735,-0.01728,Calculated,0.14616,5.9E-4,-5.9E-4,Sing et al. 2024,0.953,0.0287,-0.0287,Calculated,,,,0.67,0.02,-0.02,Piaulet et al. 2021
2.78989,0.0034,2.13775,0.01669,-0.01663,Calculated,0.14621,5.7E-4,-5.7E-4,Sing et al. 2024,0.9533,0.0287,-0.0287,Calculated,,,,0.67,0.02,-0.02,Piaulet et al. 2021
2.79328,0.0034,2.14068,0.0156,-0.01555,Calculated,0.14631,5.3E-4,-5.3E-4,Sing et al. 2024,0.9539,0.0287,-0.0287,Calculated,,,,0.67,0.02,-0.02,Piaulet et al. 2021
2.79668,0.0034,2.12039,0.01517,-0.01512,Calculated,0.14562,5.2E-4,-5.2E-4,Sing et al. 2024,0.9494,0.0285,-0.0285,Calculated,,,,0.67,0.02,-0.02,Piaulet et al. 2021
2.80008,0.0034,2.1116,0.01423,-0.01418,Calculated,0.14531,4.9E-4,-4.9E-4,Sing et al. 2024,0.9474,0.0285,-0.0285,Calculated,,,,0.67,0.02,-0.02,Piaulet et al. 2021
2.80348,0.0034,2.11355,0.01444,-0.01439,Calculated,0.14538,5.0E-4,-5.0E-4,Sing et al. 2024,0.9479,0.0285,-0.0285,Calculated,,,,0.67,0.02,-0.02,Piaulet et al. 2021
2.80687,0.0034,2.10372,0.01407,-0.01402,Calculated,0.14504,4.8E-4,-4.8E-4,Sing et al. 2024,0.9457,0.0284,-0.0284,Calculated,,,,0.67,0.02,-0.02,Piaulet et al. 2021
2.81027,0.0034,2.09899,0.0131,-0.01306,Calculated,0.14488,4.5E-4,-4.5E-4,Sing et al. 2024,0.9446,0.0283,-0.0283,Calculated,,,,0.67,0.02,-0.02,Piaulet et al. 2021
2.81367,0.0034,2.12975,0.01355,-0.01351,Calculated,0.14594,4.6E-4,-4.6E-4,Sing et al. 2024,0.9515,0.0286,-0.0286,Calculated,,,,0.67,0.02,-0.02,Piaulet et al. 2021
2.81707,0.0034,2.10262,0.01333,-0.01329,Calculated,0.145,4.6E-4,-4.6E-4,Sing et al. 2024,0.9454,0.0284,-0.0284,Calculated,,,,0.67,0.02,-0.02,Piaulet et al. 2021
2.82046,0.0034,2.1328,0.01276,-0.01272,Calculated,0.14604,4.4E-4,-4.4E-4,Sing et al. 2024,0.9522,0.0286,-0.0286,Calculated,,,,0.67,0.02,-0.02,Piaulet et al. 2021
2.82386,0.0034,2.11029,0.01234,-0.0123,Calculated,0.14527,4.2E-4,-4.2E-4,Sing et al. 2024,0.9471,0.0284,-0.0284,Calculated,,,,0.67,0.02,-0.02,Piaulet et al. 2021
2.82726,0.0034,2.11146,0.01215,-0.01211,Calculated,0.14531,4.2E-4,-4.2E-4,Sing et al. 2024,0.9474,0.0284,-0.0284,Calculated,,,,0.67,0.02,-0.02,Piaulet et al. 2021
2.83065,0.0034,2.09715,0.01229,-0.01225,Calculated,0.14482,4.2E-4,-4.2E-4,Sing et al. 2024,0.9442,0.0283,-0.0283,Calculated,,,,0.67,0.02,-0.02,Piaulet et al. 2021
2.83405,0.0034,2.1238,0.01259,-0.01255,Calculated,0.14573,4.3E-4,-4.3E-4,Sing et al. 2024,0.9502,0.0285,-0.0285,Calculated,,,,0.67,0.02,-0.02,Piaulet et al. 2021
2.83745,0.0034,2.13181,0.01179,-0.01175,Calculated,0.14601,4.0E-4,-4.0E-4,Sing et al. 2024,0.9519,0.0285,-0.0285,Calculated,,,,0.67,0.02,-0.02,Piaulet et al. 2021
2.84084,0.0034,2.09642,0.01179,-0.01176,Calculated,0.14479,4.1E-4,-4.1E-4,Sing et al. 2024,0.944,0.0283,-0.0283,Calculated,,,,0.67,0.02,-0.02,Piaulet et al. 2021
2.84424,0.0034,2.0908,0.01167,-0.01164,Calculated,0.1446,4.0E-4,-4.0E-4,Sing et al. 2024,0.9427,0.0283,-0.0283,Calculated,,,,0.67,0.02,-0.02,Piaulet et al. 2021
2.84764,0.0034,2.12277,0.01117,-0.01114,Calculated,0.1457,3.8E-4,-3.8E-4,Sing et al. 2024,0.9499,0.0285,-0.0285,Calculated,,,,0.67,0.02,-0.02,Piaulet et al. 2021
2.85103,0.0034,2.10074,0.0118,-0.01177,Calculated,0.14494,4.1E-4,-4.1E-4,Sing et al. 2024,0.945,0.0283,-0.0283,Calculated,,,,0.67,0.02,-0.02,Piaulet et al. 2021
2.85443,0.0034,2.13007,0.0114,-0.01137,Calculated,0.14595,3.9E-4,-3.9E-4,Sing et al. 2024,0.9516,0.0285,-0.0285,Calculated,,,,0.67,0.02,-0.02,Piaulet et al. 2021
2.85782,0.0034,2.10244,0.0114,-0.01137,Calculated,0.145,3.9E-4,-3.9E-4,Sing et al. 2024,0.9454,0.0283,-0.0283,Calculated,,,,0.67,0.02,-0.02,Piaulet et al. 2021
2.86122,0.0034,2.07517,0.01088,-0.01085,Calculated,0.14405,3.8E-4,-3.8E-4,Sing et al. 2024,0.9392,0.0281,-0.0281,Calculated,,,,0.67,0.02,-0.02,Piaulet et al. 2021
2.86462,0.0034,2.09319,0.01116,-0.01113,Calculated,0.14468,3.9E-4,-3.9E-4,Sing et al. 2024,0.9433,0.0283,-0.0283,Calculated,,,,0.67,0.02,-0.02,Piaulet et al. 2021
2.86801,0.0034,2.11621,0.0107,-0.01067,Calculated,0.14547,3.7E-4,-3.7E-4,Sing et al. 2024,0.9485,0.0284,-0.0284,Calculated,,,,0.67,0.02,-0.02,Piaulet et al. 2021
2.87141,0.0034,2.10921,0.01125,-0.01122,Calculated,0.14523,3.9E-4,-3.9E-4,Sing et al. 2024,0.9469,0.0284,-0.0284,Calculated,,,,0.67,0.02,-0.02,Piaulet et al. 2021
2.8748,0.0034,2.08407,0.01174,-0.01171,Calculated,0.14436,4.1E-4,-4.1E-4,Sing et al. 2024,0.9412,0.0282,-0.0282,Calculated,,,,0.67,0.02,-0.02,Piaulet et al. 2021
2.8782,0.0034,2.07836,0.01085,-0.01082,Calculated,0.14417,3.8E-4,-3.8E-4,Sing et al. 2024,0.9399,0.0282,-0.0282,Calculated,,,,0.67,0.02,-0.02,Piaulet et al. 2021
2.88159,0.0034,2.08331,0.01085,-0.01083,Calculated,0.14434,3.8E-4,-3.8E-4,Sing et al. 2024,0.9411,0.0282,-0.0282,Calculated,,,,0.67,0.02,-0.02,Piaulet et al. 2021
2.88499,0.0034,2.07023,0.01075,-0.01072,Calculated,0.14388,3.7E-4,-3.7E-4,Sing et al. 2024,0.9381,0.0281,-0.0281,Calculated,,,,0.67,0.02,-0.02,Piaulet et al. 2021
2.88838,0.0034,2.09737,0.01126,-0.01123,Calculated,0.14482,3.9E-4,-3.9E-4,Sing et al. 2024,0.9442,0.0283,-0.0283,Calculated,,,,0.67,0.02,-0.02,Piaulet et al. 2021
2.89178,0.00339,2.08812,0.0109,-0.01087,Calculated,0.1445,3.8E-4,-3.8E-4,Sing et al. 2024,0.9421,0.0282,-0.0282,Calculated,,,,0.67,0.02,-0.02,Piaulet et al. 2021
2.89517,0.00339,2.06387,0.01178,-0.01175,Calculated,0.14366,4.1E-4,-4.1E-4,Sing et al. 2024,0.9367,0.0281,-0.0281,Calculated,,,,0.67,0.02,-0.02,Piaulet et al. 2021
2.89857,0.00339,2.07679,0.01091,-0.01089,Calculated,0.14411,3.8E-4,-3.8E-4,Sing et al. 2024,0.9396,0.0282,-0.0282,Calculated,,,,0.67,0.02,-0.02,Piaulet et al. 2021
2.90196,0.00339,2.07118,0.01124,-0.01121,Calculated,0.14392,3.9E-4,-3.9E-4,Sing et al. 2024,0.9383,0.0281,-0.0281,Calculated,,,,0.67,0.02,-0.02,Piaulet et al. 2021
2.90536,0.00339,2.09406,0.01044,-0.01042,Calculated,0.14471,3.6E-4,-3.6E-4,Sing et al. 2024,0.9435,0.0283,-0.0283,Calculated,,,,0.67,0.02,-0.02,Piaulet et al. 2021
2.90875,0.00339,2.09382,0.01102,-0.01099,Calculated,0.1447,3.8E-4,-3.8E-4,Sing et al. 2024,0.9434,0.0283,-0.0283,Calculated,,,,0.67,0.02,-0.02,Piaulet et al. 2021
2.91554,0.00339,2.05304,0.01059,-0.01056,Calculated,0.14328,3.7E-4,-3.7E-4,Sing et al. 2024,0.9342,0.028,-0.028,Calculated,,,,0.67,0.02,-0.02,Piaulet et al. 2021
2.91894,0.00339,2.09424,0.01047,-0.01044,Calculated,0.14471,3.6E-4,-3.6E-4,Sing et al. 2024,0.9435,0.0283,-0.0283,Calculated,,,,0.67,0.02,-0.02,Piaulet et al. 2021
2.92233,0.00339,2.10317,0.01089,-0.01086,Calculated,0.14502,3.7E-4,-3.7E-4,Sing et al. 2024,0.9455,0.0283,-0.0283,Calculated,,,,0.67,0.02,-0.02,Piaulet et al. 2021
2.92572,0.00339,2.07024,0.01011,-0.01008,Calculated,0.14388,3.5E-4,-3.5E-4,Sing et al. 2024,0.9381,0.0281,-0.0281,Calculated,,,,0.67,0.02,-0.02,Piaulet et al. 2021
2.92912,0.00339,2.09024,0.01027,-0.01024,Calculated,0.14458,3.5E-4,-3.5E-4,Sing et al. 2024,0.9426,0.0282,-0.0282,Calculated,,,,0.67,0.02,-0.02,Piaulet et al. 2021
2.93251,0.00339,2.08254,0.01063,-0.0106,Calculated,0.14431,3.7E-4,-3.7E-4,Sing et al. 2024,0.9409,0.0282,-0.0282,Calculated,,,,0.67,0.02,-0.02,Piaulet et al. 2021
2.9359,0.00339,2.07351,0.01022,-0.0102,Calculated,0.144,3.5E-4,-3.5E-4,Sing et al. 2024,0.9388,0.0281,-0.0281,Calculated,,,,0.67,0.02,-0.02,Piaulet et al. 2021
2.9393,0.00339,2.08761,0.01027,-0.01025,Calculated,0.14449,3.5E-4,-3.5E-4,Sing et al. 2024,0.942,0.0282,-0.0282,Calculated,,,,0.67,0.02,-0.02,Piaulet et al. 2021
2.94269,0.00339,2.08463,0.01043,-0.01041,Calculated,0.14438,3.6E-4,-3.6E-4,Sing et al. 2024,0.9414,0.0282,-0.0282,Calculated,,,,0.67,0.02,-0.02,Piaulet et al. 2021
2.94608,0.00339,2.08319,0.01011,-0.01009,Calculated,0.14433,3.5E-4,-3.5E-4,Sing et al. 2024,0.941,0.0282,-0.0282,Calculated,,,,0.67,0.02,-0.02,Piaulet et al. 2021
2.94948,0.00339,2.06303,0.0103,-0.01027,Calculated,0.14363,3.6E-4,-3.6E-4,Sing et al. 2024,0.9365,0.0281,-0.0281,Calculated,,,,0.67,0.02,-0.02,Piaulet et al. 2021
2.95287,0.00339,2.07347,0.01032,-0.0103,Calculated,0.144,3.6E-4,-3.6E-4,Sing et al. 2024,0.9388,0.0281,-0.0281,Calculated,,,,0.67,0.02,-0.02,Piaulet et al. 2021
2.95626,0.00339,2.06944,0.00993,-0.00991,Calculated,0.14386,3.4E-4,-3.4E-4,Sing et al. 2024,0.9379,0.0281,-0.0281,Calculated,,,,0.67,0.02,-0.02,Piaulet et al. 2021
2.95966,0.00339,2.07782,0.00946,-0.00944,Calculated,0.14415,3.3E-4,-3.3E-4,Sing et al. 2024,0.9398,0.0281,-0.0281,Calculated,,,,0.67,0.02,-0.02,Piaulet et al. 2021
2.96305,0.00339,2.06919,0.00985,-0.00983,Calculated,0.14385,3.4E-4,-3.4E-4,Sing et al. 2024,0.9379,0.0281,-0.0281,Calculated,,,,0.67,0.02,-0.02,Piaulet et al. 2021
2.96644,0.00339,2.06879,0.00987,-0.00984,Calculated,0.14383,3.4E-4,-3.4E-4,Sing et al. 2024,0.9378,0.0281,-0.0281,Calculated,,,,0.67,0.02,-0.02,Piaulet et al. 2021
2.96984,0.00339,2.09453,0.01,-0.00997,Calculated,0.14472,3.4E-4,-3.4E-4,Sing et al. 2024,0.9436,0.0283,-0.0283,Calculated,,,,0.67,0.02,-0.02,Piaulet et al. 2021
2.97323,0.00339,2.07766,0.01001,-0.00998,Calculated,0.14414,3.5E-4,-3.5E-4,Sing et al. 2024,0.9398,0.0281,-0.0281,Calculated,,,,0.67,0.02,-0.02,Piaulet et al. 2021
2.97662,0.00339,2.06307,0.01007,-0.01005,Calculated,0.14363,3.5E-4,-3.5E-4,Sing et al. 2024,0.9365,0.028,-0.028,Calculated,,,,0.67,0.02,-0.02,Piaulet et al. 2021
2.98001,0.00339,2.08154,0.00987,-0.00984,Calculated,0.14428,3.4E-4,-3.4E-4,Sing et al. 2024,0.9407,0.0282,-0.0282,Calculated,,,,0.67,0.02,-0.02,Piaulet et al. 2021
2.9834,0.00339,2.06662,0.01091,-0.01088,Calculated,0.14376,3.8E-4,-3.8E-4,Sing et al. 2024,0.9373,0.0281,-0.0281,Calculated,,,,0.67,0.02,-0.02,Piaulet et al. 2021
2.9868,0.00339,2.06953,0.00976,-0.00974,Calculated,0.14386,3.4E-4,-3.4E-4,Sing et al. 2024,0.9379,0.0281,-0.0281,Calculated,,,,0.67,0.02,-0.02,Piaulet et al. 2021
2.99019,0.00339,2.05684,0.00932,-0.0093,Calculated,0.14342,3.2E-4,-3.2E-4,Sing et al. 2024,0.9351,0.028,-0.028,Calculated,,,,0.67,0.02,-0.02,Piaulet et al. 2021
2.99358,0.00339,2.06475,0.00992,-0.0099,Calculated,0.14369,3.4E-4,-3.4E-4,Sing et al. 2024,0.9369,0.0281,-0.0281,Calculated,,,,0.67,0.02,-0.02,Piaulet et al. 2021
2.99697,0.00339,2.07783,0.01148,-0.01145,Calculated,0.14415,4.0E-4,-4.0E-4,Sing et al. 2024,0.9398,0.0282,-0.0282,Calculated,,,,0.67,0.02,-0.02,Piaulet et al. 2021
3.00036,0.00339,2.08775,0.01003,-0.01001,Calculated,0.14449,3.5E-4,-3.5E-4,Sing et al. 2024,0.9421,0.0282,-0.0282,Calculated,,,,0.67,0.02,-0.02,Piaulet et al. 2021
3.00376,0.00339,2.07136,0.00956,-0.00954,Calculated,0.14392,3.3E-4,-3.3E-4,Sing et al. 2024,0.9384,0.0281,-0.0281,Calculated,,,,0.67,0.02,-0.02,Piaulet et al. 2021
3.00715,0.00339,2.07222,0.00955,-0.00953,Calculated,0.14395,3.3E-4,-3.3E-4,Sing et al. 2024,0.9385,0.0281,-0.0281,Calculated,,,,0.67,0.02,-0.02,Piaulet et al. 2021
3.01054,0.00339,2.06005,0.0097,-0.00968,Calculated,0.14353,3.4E-4,-3.4E-4,Sing et al. 2024,0.9358,0.028,-0.028,Calculated,,,,0.67,0.02,-0.02,Piaulet et al. 2021
3.01393,0.00339,2.0664,0.00961,-0.00959,Calculated,0.14375,3.3E-4,-3.3E-4,Sing et al. 2024,0.9372,0.0281,-0.0281,Calculated,,,,0.67,0.02,-0.02,Piaulet et al. 2021
3.01732,0.00339,2.08579,0.00975,-0.00973,Calculated,0.14442,3.4E-4,-3.4E-4,Sing et al. 2024,0.9416,0.0282,-0.0282,Calculated,,,,0.67,0.02,-0.02,Piaulet et al. 2021
3.02071,0.00339,2.08431,0.00927,-0.00925,Calculated,0.14437,3.2E-4,-3.2E-4,Sing et al. 2024,0.9413,0.0282,-0.0282,Calculated,,,,0.67,0.02,-0.02,Piaulet et al. 2021
3.0241,0.00339,2.04746,0.00959,-0.00956,Calculated,0.14309,3.3E-4,-3.3E-4,Sing et al. 2024,0.9329,0.0279,-0.0279,Calculated,,,,0.67,0.02,-0.02,Piaulet et al. 2021
3.02749,0.00339,2.05523,0.00966,-0.00964,Calculated,0.14336,3.4E-4,-3.4E-4,Sing et al. 2024,0.9347,0.028,-0.028,Calculated,,,,0.67,0.02,-0.02,Piaulet et al. 2021
3.03088,0.00339,2.09922,0.00965,-0.00963,Calculated,0.14489,3.3E-4,-3.3E-4,Sing et al. 2024,0.9446,0.0283,-0.0283,Calculated,,,,0.67,0.02,-0.02,Piaulet et al. 2021
3.03427,0.00339,2.08173,0.00994,-0.00992,Calculated,0.14428,3.4E-4,-3.4E-4,Sing et al. 2024,0.9407,0.0282,-0.0282,Calculated,,,,0.67,0.02,-0.02,Piaulet et al. 2021
3.03766,0.00339,2.04729,0.00931,-0.00929,Calculated,0.14308,3.3E-4,-3.3E-4,Sing et al. 2024,0.9329,0.0279,-0.0279,Calculated,,,,0.67,0.02,-0.02,Piaulet et al. 2021
3.04105,0.00339,2.06824,0.01002,-0.01,Calculated,0.14381,3.5E-4,-3.5E-4,Sing et al. 2024,0.9376,0.0281,-0.0281,Calculated,,,,0.67,0.02,-0.02,Piaulet et al. 2021
3.04444,0.00339,2.0907,0.0096,-0.00958,Calculated,0.14459,3.3E-4,-3.3E-4,Sing et al. 2024,0.9427,0.0282,-0.0282,Calculated,,,,0.67,0.02,-0.02,Piaulet et al. 2021
3.04783,0.00339,2.05957,0.00928,-0.00926,Calculated,0.14351,3.2E-4,-3.2E-4,Sing et al. 2024,0.9357,0.028,-0.028,Calculated,,,,0.67,0.02,-0.02,Piaulet et al. 2021
3.05122,0.00339,2.07502,0.00952,-0.00949,Calculated,0.14405,3.3E-4,-3.3E-4,Sing et al. 2024,0.9392,0.0281,-0.0281,Calculated,,,,0.67,0.02,-0.02,Piaulet et al. 2021
3.05461,0.00339,2.08468,0.0096,-0.00957,Calculated,0.14438,3.3E-4,-3.3E-4,Sing et al. 2024,0.9414,0.0282,-0.0282,Calculated,,,,0.67,0.02,-0.02,Piaulet et al. 2021
3.058,0.00339,2.06667,0.01022,-0.0102,Calculated,0.14376,3.6E-4,-3.6E-4,Sing et al. 2024,0.9373,0.0281,-0.0281,Calculated,,,,0.67,0.02,-0.02,Piaulet et al. 2021
3.06139,0.00339,2.0725,0.00954,-0.00952,Calculated,0.14396,3.3E-4,-3.3E-4,Sing et al. 2024,0.9386,0.0281,-0.0281,Calculated,,,,0.67,0.02,-0.02,Piaulet et al. 2021
3.06478,0.00339,2.08896,0.00996,-0.00994,Calculated,0.14453,3.4E-4,-3.4E-4,Sing et al. 2024,0.9423,0.0282,-0.0282,Calculated,,,,0.67,0.02,-0.02,Piaulet et al. 2021
3.06817,0.00339,2.05505,0.00952,-0.0095,Calculated,0.14335,3.3E-4,-3.3E-4,Sing et al. 2024,0.9347,0.028,-0.028,Calculated,,,,0.67,0.02,-0.02,Piaulet et al. 2021
3.07156,0.00339,2.06954,0.00933,-0.0093,Calculated,0.14386,3.2E-4,-3.2E-4,Sing et al. 2024,0.9379,0.0281,-0.0281,Calculated,,,,0.67,0.02,-0.02,Piaulet et al. 2021
3.07495,0.00339,2.0479,0.01007,-0.01005,Calculated,0.1431,3.5E-4,-3.5E-4,Sing et al. 2024,0.933,0.0279,-0.0279,Calculated,,,,0.67,0.02,-0.02,Piaulet et al. 2021
3.07834,0.00339,2.07185,0.00952,-0.0095,Calculated,0.14394,3.3E-4,-3.3E-4,Sing et al. 2024,0.9385,0.0281,-0.0281,Calculated,,,,0.67,0.02,-0.02,Piaulet et al. 2021
3.08173,0.00339,2.07938,0.00949,-0.00947,Calculated,0.1442,3.3E-4,-3.3E-4,Sing et al. 2024,0.9402,0.0281,-0.0281,Calculated,,,,0.67,0.02,-0.02,Piaulet et al. 2021
3.08512,0.00339,2.06133,0.00986,-0.00983,Calculated,0.14357,3.4E-4,-3.4E-4,Sing et al. 2024,0.9361,0.028,-0.028,Calculated,,,,0.67,0.02,-0.02,Piaulet et al. 2021
3.08851,0.00339,2.07932,0.00954,-0.00951,Calculated,0.1442,3.3E-4,-3.3E-4,Sing et al. 2024,0.9402,0.0281,-0.0281,Calculated,,,,0.67,0.02,-0.02,Piaulet et al. 2021
3.0919,0.00339,2.0724,0.00981,-0.00979,Calculated,0.14396,3.4E-4,-3.4E-4,Sing et al. 2024,0.9386,0.0281,-0.0281,Calculated,,,,0.67,0.02,-0.02,Piaulet et al. 2021
3.09528,0.00339,2.0738,0.00959,-0.00956,Calculated,0.14401,3.3E-4,-3.3E-4,Sing et al. 2024,0.9389,0.0281,-0.0281,Calculated,,,,0.67,0.02,-0.02,Piaulet et al. 2021
3.09867,0.00339,2.08517,0.00998,-0.00995,Calculated,0.1444,3.5E-4,-3.5E-4,Sing et al. 2024,0.9415,0.0282,-0.0282,Calculated,,,,0.67,0.02,-0.02,Piaulet et al. 2021
3.10206,0.00339,2.04979,0.00978,-0.00976,Calculated,0.14317,3.4E-4,-3.4E-4,Sing et al. 2024,0.9335,0.028,-0.028,Calculated,,,,0.67,0.02,-0.02,Piaulet et al. 2021
3.10545,0.00339,2.08822,0.00976,-0.00974,Calculated,0.14451,3.4E-4,-3.4E-4,Sing et al. 2024,0.9422,0.0282,-0.0282,Calculated,,,,0.67,0.02,-0.02,Piaulet et al. 2021
3.10884,0.00339,2.0716,0.00948,-0.00946,Calculated,0.14393,3.3E-4,-3.3E-4,Sing et al. 2024,0.9384,0.0281,-0.0281,Calculated,,,,0.67,0.02,-0.02,Piaulet et al. 2021
3.11223,0.00339,2.04754,0.00941,-0.00939,Calculated,0.14309,3.3E-4,-3.3E-4,Sing et al. 2024,0.9329,0.0279,-0.0279,Calculated,,,,0.67,0.02,-0.02,Piaulet et al. 2021
3.11561,0.00339,2.06534,0.00958,-0.00956,Calculated,0.14371,3.3E-4,-3.3E-4,Sing et al. 2024,0.937,0.0281,-0.0281,Calculated,,,,0.67,0.02,-0.02,Piaulet et al. 2021
3.119,0.00339,2.04985,0.00976,-0.00974,Calculated,0.14317,3.4E-4,-3.4E-4,Sing et al. 2024,0.9335,0.028,-0.028,Calculated,,,,0.67,0.02,-0.02,Piaulet et al. 2021
3.12239,0.00339,2.08077,0.00971,-0.00968,Calculated,0.14425,3.4E-4,-3.4E-4,Sing et al. 2024,0.9405,0.0282,-0.0282,Calculated,,,,0.67,0.02,-0.02,Piaulet et al. 2021
3.12578,0.00339,2.07208,0.00961,-0.00958,Calculated,0.14395,3.3E-4,-3.3E-4,Sing et al. 2024,0.9385,0.0281,-0.0281,Calculated,,,,0.67,0.02,-0.02,Piaulet et al. 2021
3.12916,0.00339,2.06357,0.00969,-0.00967,Calculated,0.14365,3.4E-4,-3.4E-4,Sing et al. 2024,0.9366,0.028,-0.028,Calculated,,,,0.67,0.02,-0.02,Piaulet et al. 2021
3.13255,0.00339,2.05844,0.00958,-0.00956,Calculated,0.14347,3.3E-4,-3.3E-4,Sing et al. 2024,0.9354,0.028,-0.028,Calculated,,,,0.67,0.02,-0.02,Piaulet et al. 2021
3.13594,0.00339,2.03487,0.00979,-0.00976,Calculated,0.14265,3.4E-4,-3.4E-4,Sing et al. 2024,0.9301,0.0279,-0.0279,Calculated,,,,0.67,0.02,-0.02,Piaulet et al. 2021
3.13932,0.00339,2.07447,0.00918,-0.00916,Calculated,0.14403,3.2E-4,-3.2E-4,Sing et al. 2024,0.9391,0.0281,-0.0281,Calculated,,,,0.67,0.02,-0.02,Piaulet et al. 2021
3.14271,0.00339,2.04444,0.00962,-0.00959,Calculated,0.14298,3.4E-4,-3.4E-4,Sing et al. 2024,0.9322,0.0279,-0.0279,Calculated,,,,0.67,0.02,-0.02,Piaulet et al. 2021
3.1461,0.00339,2.06129,0.00955,-0.00953,Calculated,0.14357,3.3E-4,-3.3E-4,Sing et al. 2024,0.9361,0.028,-0.028,Calculated,,,,0.67,0.02,-0.02,Piaulet et al. 2021
3.14948,0.00339,2.04153,0.00936,-0.00934,Calculated,0.14288,3.3E-4,-3.3E-4,Sing et al. 2024,0.9316,0.0279,-0.0279,Calculated,,,,0.67,0.02,-0.02,Piaulet et al. 2021
3.15287,0.00339,2.05137,0.00978,-0.00976,Calculated,0.14323,3.4E-4,-3.4E-4,Sing et al. 2024,0.9338,0.028,-0.028,Calculated,,,,0.67,0.02,-0.02,Piaulet et al. 2021
3.15626,0.00339,2.05891,0.00938,-0.00936,Calculated,0.14349,3.3E-4,-3.3E-4,Sing et al. 2024,0.9355,0.028,-0.028,Calculated,,,,0.67,0.02,-0.02,Piaulet et al. 2021
3.15964,0.00339,2.07437,0.00932,-0.0093,Calculated,0.14403,3.2E-4,-3.2E-4,Sing et al. 2024,0.939,0.0281,-0.0281,Calculated,,,,0.67,0.02,-0.02,Piaulet et al. 2021
3.16303,0.00339,2.06378,0.00988,-0.00986,Calculated,0.14366,3.4E-4,-3.4E-4,Sing et al. 2024,0.9366,0.028,-0.028,Calculated,,,,0.67,0.02,-0.02,Piaulet et al. 2021
3.16642,0.00339,2.0686,0.00941,-0.00939,Calculated,0.14383,3.3E-4,-3.3E-4,Sing et al. 2024,0.9377,0.0281,-0.0281,Calculated,,,,0.67,0.02,-0.02,Piaulet et al. 2021
3.1698,0.00339,2.06137,0.00941,-0.00939,Calculated,0.14357,3.3E-4,-3.3E-4,Sing et al. 2024,0.9361,0.028,-0.028,Calculated,,,,0.67,0.02,-0.02,Piaulet et al. 2021
3.17319,0.00339,2.05724,0.00991,-0.00989,Calculated,0.14343,3.5E-4,-3.5E-4,Sing et al. 2024,0.9352,0.028,-0.028,Calculated,,,,0.67,0.02,-0.02,Piaulet et al. 2021
3.17657,0.00339,2.07184,0.01041,-0.01039,Calculated,0.14394,3.6E-4,-3.6E-4,Sing et al. 2024,0.9385,0.0281,-0.0281,Calculated,,,,0.67,0.02,-0.02,Piaulet et al. 2021
3.17996,0.00339,2.06831,0.00991,-0.00989,Calculated,0.14382,3.4E-4,-3.4E-4,Sing et al. 2024,0.9377,0.0281,-0.0281,Calculated,,,,0.67,0.02,-0.02,Piaulet et al. 2021
3.18334,0.00339,2.07117,0.00957,-0.00955,Calculated,0.14392,3.3E-4,-3.3E-4,Sing et al. 2024,0.9383,0.0281,-0.0281,Calculated,,,,0.67,0.02,-0.02,Piaulet et al. 2021
3.18673,0.00339,2.06524,0.00944,-0.00942,Calculated,0.14371,3.3E-4,-3.3E-4,Sing et al. 2024,0.937,0.0281,-0.0281,Calculated,,,,0.67,0.02,-0.02,Piaulet et al. 2021
3.19012,0.00339,2.06203,0.00968,-0.00966,Calculated,0.1436,3.4E-4,-3.4E-4,Sing et al. 2024,0.9362,0.028,-0.028,Calculated,,,,0.67,0.02,-0.02,Piaulet et al. 2021
3.1935,0.00339,2.07153,0.00986,-0.00984,Calculated,0.14393,3.4E-4,-3.4E-4,Sing et al. 2024,0.9384,0.0281,-0.0281,Calculated,,,,0.67,0.02,-0.02,Piaulet et al. 2021
3.19689,0.00338,2.06126,0.00968,-0.00966,Calculated,0.14357,3.4E-4,-3.4E-4,Sing et al. 2024,0.9361,0.028,-0.028,Calculated,,,,0.67,0.02,-0.02,Piaulet et al. 2021
3.20027,0.00338,2.05572,0.00955,-0.00953,Calculated,0.14338,3.3E-4,-3.3E-4,Sing et al. 2024,0.9348,0.028,-0.028,Calculated,,,,0.67,0.02,-0.02,Piaulet et al. 2021
3.20365,0.00338,2.07595,0.00947,-0.00945,Calculated,0.14408,3.3E-4,-3.3E-4,Sing et al. 2024,0.9394,0.0281,-0.0281,Calculated,,,,0.67,0.02,-0.02,Piaulet et al. 2021
3.20704,0.00338,2.06836,0.00968,-0.00966,Calculated,0.14382,3.4E-4,-3.4E-4,Sing et al. 2024,0.9377,0.0281,-0.0281,Calculated,,,,0.67,0.02,-0.02,Piaulet et al. 2021
3.21042,0.00338,2.06687,0.00968,-0.00966,Calculated,0.14377,3.4E-4,-3.4E-4,Sing et al. 2024,0.9373,0.0281,-0.0281,Calculated,,,,0.67,0.02,-0.02,Piaulet et al. 2021
3.21381,0.00338,2.07431,0.00963,-0.00961,Calculated,0.14402,3.3E-4,-3.3E-4,Sing et al. 2024,0.939,0.0281,-0.0281,Calculated,,,,0.67,0.02,-0.02,Piaulet et al. 2021
3.21719,0.00338,2.05993,0.00989,-0.00986,Calculated,0.14352,3.4E-4,-3.4E-4,Sing et al. 2024,0.9358,0.028,-0.028,Calculated,,,,0.67,0.02,-0.02,Piaulet et al. 2021
3.22058,0.00338,2.07897,0.00972,-0.00969,Calculated,0.14419,3.4E-4,-3.4E-4,Sing et al. 2024,0.9401,0.0281,-0.0281,Calculated,,,,0.67,0.02,-0.02,Piaulet et al. 2021
3.22396,0.00338,2.04829,0.0115,-0.01146,Calculated,0.14312,4.0E-4,-4.0E-4,Sing et al. 2024,0.9331,0.028,-0.028,Calculated,,,,0.67,0.02,-0.02,Piaulet et al. 2021
3.22734,0.00338,2.06857,0.00991,-0.00988,Calculated,0.14383,3.4E-4,-3.4E-4,Sing et al. 2024,0.9377,0.0281,-0.0281,Calculated,,,,0.67,0.02,-0.02,Piaulet et al. 2021
3.23073,0.00338,2.06535,0.01018,-0.01016,Calculated,0.14371,3.5E-4,-3.5E-4,Sing et al. 2024,0.937,0.0281,-0.0281,Calculated,,,,0.67,0.02,-0.02,Piaulet et al. 2021
3.23411,0.00338,2.0652,0.01017,-0.01014,Calculated,0.14371,3.5E-4,-3.5E-4,Sing et al. 2024,0.937,0.0281,-0.0281,Calculated,,,,0.67,0.02,-0.02,Piaulet et al. 2021
3.2375,0.00338,2.06459,0.01002,-0.00999,Calculated,0.14369,3.5E-4,-3.5E-4,Sing et al. 2024,0.9368,0.0281,-0.0281,Calculated,,,,0.67,0.02,-0.02,Piaulet et al. 2021
3.24088,0.00338,2.04567,0.00968,-0.00966,Calculated,0.14303,3.4E-4,-3.4E-4,Sing et al. 2024,0.9325,0.0279,-0.0279,Calculated,,,,0.67,0.02,-0.02,Piaulet et al. 2021
3.24426,0.00338,2.06261,0.00983,-0.0098,Calculated,0.14362,3.4E-4,-3.4E-4,Sing et al. 2024,0.9364,0.028,-0.028,Calculated,,,,0.67,0.02,-0.02,Piaulet et al. 2021
3.24764,0.00338,2.0651,0.00994,-0.00992,Calculated,0.1437,3.5E-4,-3.5E-4,Sing et al. 2024,0.9369,0.0281,-0.0281,Calculated,,,,0.67,0.02,-0.02,Piaulet et al. 2021
3.25103,0.00338,2.05472,0.01032,-0.01029,Calculated,0.14334,3.6E-4,-3.6E-4,Sing et al. 2024,0.9346,0.028,-0.028,Calculated,,,,0.67,0.02,-0.02,Piaulet et al. 2021
3.25441,0.00338,2.04824,0.00982,-0.00979,Calculated,0.14312,3.4E-4,-3.4E-4,Sing et al. 2024,0.9331,0.0279,-0.0279,Calculated,,,,0.67,0.02,-0.02,Piaulet et al. 2021
3.25779,0.00338,2.04385,0.00981,-0.00979,Calculated,0.14296,3.4E-4,-3.4E-4,Sing et al. 2024,0.9321,0.0279,-0.0279,Calculated,,,,0.67,0.02,-0.02,Piaulet et al. 2021
3.26118,0.00338,2.06511,0.0095,-0.00947,Calculated,0.14371,3.3E-4,-3.3E-4,Sing et al. 2024,0.9369,0.0281,-0.0281,Calculated,,,,0.67,0.02,-0.02,Piaulet et al. 2021
3.26456,0.00338,2.06674,0.00964,-0.00961,Calculated,0.14376,3.3E-4,-3.3E-4,Sing et al. 2024,0.9373,0.0281,-0.0281,Calculated,,,,0.67,0.02,-0.02,Piaulet et al. 2021
3.26794,0.00338,2.05214,0.01049,-0.01046,Calculated,0.14325,3.7E-4,-3.7E-4,Sing et al. 2024,0.934,0.028,-0.028,Calculated,,,,0.67,0.02,-0.02,Piaulet et al. 2021
3.27132,0.00338,2.07611,0.00947,-0.00945,Calculated,0.14409,3.3E-4,-3.3E-4,Sing et al. 2024,0.9394,0.0281,-0.0281,Calculated,,,,0.67,0.02,-0.02,Piaulet et al. 2021
3.27471,0.00338,2.05457,0.00975,-0.00973,Calculated,0.14334,3.4E-4,-3.4E-4,Sing et al. 2024,0.9345,0.028,-0.028,Calculated,,,,0.67,0.02,-0.02,Piaulet et al. 2021
3.27809,0.00338,2.06442,0.00957,-0.00955,Calculated,0.14368,3.3E-4,-3.3E-4,Sing et al. 2024,0.9368,0.028,-0.028,Calculated,,,,0.67,0.02,-0.02,Piaulet et al. 2021
3.28147,0.00338,2.06153,0.00994,-0.00991,Calculated,0.14358,3.5E-4,-3.5E-4,Sing et al. 2024,0.9361,0.028,-0.028,Calculated,,,,0.67,0.02,-0.02,Piaulet et al. 2021
3.28485,0.00338,2.04122,0.01002,-0.01,Calculated,0.14287,3.5E-4,-3.5E-4,Sing et al. 2024,0.9315,0.0279,-0.0279,Calculated,,,,0.67,0.02,-0.02,Piaulet et al. 2021
3.28823,0.00338,2.06532,0.00968,-0.00966,Calculated,0.14371,3.4E-4,-3.4E-4,Sing et al. 2024,0.937,0.0281,-0.0281,Calculated,,,,0.67,0.02,-0.02,Piaulet et al. 2021
3.29161,0.00338,2.06441,0.00991,-0.00989,Calculated,0.14368,3.4E-4,-3.4E-4,Sing et al. 2024,0.9368,0.0281,-0.0281,Calculated,,,,0.67,0.02,-0.02,Piaulet et al. 2021
3.295,0.00338,2.06994,0.00964,-0.00962,Calculated,0.14387,3.3E-4,-3.3E-4,Sing et al. 2024,0.938,0.0281,-0.0281,Calculated,,,,0.67,0.02,-0.02,Piaulet et al. 2021
3.29838,0.00338,2.08064,0.01003,-0.01001,Calculated,0.14424,3.5E-4,-3.5E-4,Sing et al. 2024,0.9405,0.0282,-0.0282,Calculated,,,,0.67,0.02,-0.02,Piaulet et al. 2021
3.30176,0.00338,2.06814,0.00997,-0.00995,Calculated,0.14381,3.5E-4,-3.5E-4,Sing et al. 2024,0.9376,0.0281,-0.0281,Calculated,,,,0.67,0.02,-0.02,Piaulet et al. 2021
3.30514,0.00338,2.04717,0.00997,-0.00994,Calculated,0.14308,3.5E-4,-3.5E-4,Sing et al. 2024,0.9329,0.0279,-0.0279,Calculated,,,,0.67,0.02,-0.02,Piaulet et al. 2021
3.30852,0.00338,2.05503,0.00977,-0.00975,Calculated,0.14335,3.4E-4,-3.4E-4,Sing et al. 2024,0.9346,0.028,-0.028,Calculated,,,,0.67,0.02,-0.02,Piaulet et al. 2021
3.3119,0.00338,2.04937,0.00998,-0.00996,Calculated,0.14316,3.5E-4,-3.5E-4,Sing et al. 2024,0.9334,0.028,-0.028,Calculated,,,,0.67,0.02,-0.02,Piaulet et al. 2021
3.31528,0.00338,2.07824,0.01011,-0.01008,Calculated,0.14416,3.5E-4,-3.5E-4,Sing et al. 2024,0.9399,0.0281,-0.0281,Calculated,,,,0.67,0.02,-0.02,Piaulet et al. 2021
3.31866,0.00338,2.07722,0.01011,-0.01009,Calculated,0.14413,3.5E-4,-3.5E-4,Sing et al. 2024,0.9397,0.0281,-0.0281,Calculated,,,,0.67,0.02,-0.02,Piaulet et al. 2021
3.32204,0.00338,2.085,0.00997,-0.00995,Calculated,0.1444,3.4E-4,-3.4E-4,Sing et al. 2024,0.9414,0.0282,-0.0282,Calculated,,,,0.67,0.02,-0.02,Piaulet et al. 2021
3.32542,0.00338,2.08383,0.01004,-0.01002,Calculated,0.14435,3.5E-4,-3.5E-4,Sing et al. 2024,0.9412,0.0282,-0.0282,Calculated,,,,0.67,0.02,-0.02,Piaulet et al. 2021
3.3288,0.00338,2.08056,0.00972,-0.0097,Calculated,0.14424,3.4E-4,-3.4E-4,Sing et al. 2024,0.9404,0.0282,-0.0282,Calculated,,,,0.67,0.02,-0.02,Piaulet et al. 2021
3.33218,0.00338,2.0614,0.00976,-0.00973,Calculated,0.14358,3.4E-4,-3.4E-4,Sing et al. 2024,0.9361,0.028,-0.028,Calculated,,,,0.67,0.02,-0.02,Piaulet et al. 2021
3.33556,0.00338,2.06171,0.00957,-0.00955,Calculated,0.14359,3.3E-4,-3.3E-4,Sing et al. 2024,0.9362,0.028,-0.028,Calculated,,,,0.67,0.02,-0.02,Piaulet et al. 2021
3.33894,0.00338,2.06775,0.01143,-0.0114,Calculated,0.1438,4.0E-4,-4.0E-4,Sing et al. 2024,0.9375,0.0281,-0.0281,Calculated,,,,0.67,0.02,-0.02,Piaulet et al. 2021
3.34232,0.00338,2.05429,0.01065,-0.01062,Calculated,0.14333,3.7E-4,-3.7E-4,Sing et al. 2024,0.9345,0.028,-0.028,Calculated,,,,0.67,0.02,-0.02,Piaulet et al. 2021
3.3457,0.00338,2.0931,0.01042,-0.01039,Calculated,0.14468,3.6E-4,-3.6E-4,Sing et al. 2024,0.9433,0.0283,-0.0283,Calculated,,,,0.67,0.02,-0.02,Piaulet et al. 2021
3.34908,0.00338,2.05967,0.00974,-0.00972,Calculated,0.14352,3.4E-4,-3.4E-4,Sing et al. 2024,0.9357,0.028,-0.028,Calculated,,,,0.67,0.02,-0.02,Piaulet et al. 2021
3.35246,0.00338,2.07427,0.00975,-0.00973,Calculated,0.14402,3.4E-4,-3.4E-4,Sing et al. 2024,0.939,0.0281,-0.0281,Calculated,,,,0.67,0.02,-0.02,Piaulet et al. 2021
3.35584,0.00338,2.06977,0.01024,-0.01021,Calculated,0.14387,3.6E-4,-3.6E-4,Sing et al. 2024,0.938,0.0281,-0.0281,Calculated,,,,0.67,0.02,-0.02,Piaulet et al. 2021
3.36259,0.00338,2.05564,0.00999,-0.00997,Calculated,0.14338,3.5E-4,-3.5E-4,Sing et al. 2024,0.9348,0.028,-0.028,Calculated,,,,0.67,0.02,-0.02,Piaulet et al. 2021
3.36597,0.00338,2.06785,0.00931,-0.00929,Calculated,0.1438,3.2E-4,-3.2E-4,Sing et al. 2024,0.9376,0.0281,-0.0281,Calculated,,,,0.67,0.02,-0.02,Piaulet et al. 2021
3.36935,0.00338,2.05677,0.00962,-0.0096,Calculated,0.14341,3.3E-4,-3.3E-4,Sing et al. 2024,0.935,0.028,-0.028,Calculated,,,,0.67,0.02,-0.02,Piaulet et al. 2021
3.37273,0.00338,2.05581,0.00972,-0.0097,Calculated,0.14338,3.4E-4,-3.4E-4,Sing et al. 2024,0.9348,0.028,-0.028,Calculated,,,,0.67,0.02,-0.02,Piaulet et al. 2021
3.37611,0.00338,2.04732,0.00947,-0.00945,Calculated,0.14308,3.3E-4,-3.3E-4,Sing et al. 2024,0.9329,0.0279,-0.0279,Calculated,,,,0.67,0.02,-0.02,Piaulet et al. 2021
3.37949,0.00338,2.07236,0.00968,-0.00966,Calculated,0.14396,3.4E-4,-3.4E-4,Sing et al. 2024,0.9386,0.0281,-0.0281,Calculated,,,,0.67,0.02,-0.02,Piaulet et al. 2021
3.38286,0.00338,2.05714,0.01009,-0.01006,Calculated,0.14343,3.5E-4,-3.5E-4,Sing et al. 2024,0.9351,0.028,-0.028,Calculated,,,,0.67,0.02,-0.02,Piaulet et al. 2021
3.38624,0.00338,2.06647,0.01006,-0.01003,Calculated,0.14375,3.5E-4,-3.5E-4,Sing et al. 2024,0.9372,0.0281,-0.0281,Calculated,,,,0.67,0.02,-0.02,Piaulet et al. 2021
3.38962,0.00338,2.04063,0.00974,-0.00972,Calculated,0.14285,3.4E-4,-3.4E-4,Sing et al. 2024,0.9314,0.0279,-0.0279,Calculated,,,,0.67,0.02,-0.02,Piaulet et al. 2021
3.393,0.00338,2.06868,0.01005,-0.01003,Calculated,0.14383,3.5E-4,-3.5E-4,Sing et al. 2024,0.9377,0.0281,-0.0281,Calculated,,,,0.67,0.02,-0.02,Piaulet et al. 2021
3.39637,0.00338,2.06506,0.01014,-0.01011,Calculated,0.1437,3.5E-4,-3.5E-4,Sing et al. 2024,0.9369,0.0281,-0.0281,Calculated,,,,0.67,0.02,-0.02,Piaulet et al. 2021
3.39975,0.00338,2.04901,0.01045,-0.01042,Calculated,0.14314,3.6E-4,-3.6E-4,Sing et al. 2024,0.9333,0.028,-0.028,Calculated,,,,0.67,0.02,-0.02,Piaulet et al. 2021
3.40313,0.00338,2.06018,0.0097,-0.00968,Calculated,0.14353,3.4E-4,-3.4E-4,Sing et al. 2024,0.9358,0.028,-0.028,Calculated,,,,0.67,0.02,-0.02,Piaulet et al. 2021
3.40651,0.00338,2.04501,0.01027,-0.01024,Calculated,0.143,3.6E-4,-3.6E-4,Sing et al. 2024,0.9324,0.0279,-0.0279,Calculated,,,,0.67,0.02,-0.02,Piaulet et al. 2021
3.40988,0.00338,2.06054,0.01007,-0.01005,Calculated,0.14355,3.5E-4,-3.5E-4,Sing et al. 2024,0.9359,0.028,-0.028,Calculated,,,,0.67,0.02,-0.02,Piaulet et al. 2021
3.41326,0.00338,2.07728,0.01052,-0.01049,Calculated,0.14413,3.6E-4,-3.6E-4,Sing et al. 2024,0.9397,0.0282,-0.0282,Calculated,,,,0.67,0.02,-0.02,Piaulet et al. 2021
3.41664,0.00338,2.07458,0.01162,-0.01159,Calculated,0.14403,4.0E-4,-4.0E-4,Sing et al. 2024,0.9391,0.0282,-0.0282,Calculated,,,,0.67,0.02,-0.02,Piaulet et al. 2021
3.42001,0.00338,2.0426,0.00985,-0.00983,Calculated,0.14292,3.4E-4,-3.4E-4,Sing et al. 2024,0.9318,0.0279,-0.0279,Calculated,,,,0.67,0.02,-0.02,Piaulet et al. 2021
3.42339,0.00338,2.0629,0.01001,-0.00998,Calculated,0.14363,3.5E-4,-3.5E-4,Sing et al. 2024,0.9364,0.028,-0.028,Calculated,,,,0.67,0.02,-0.02,Piaulet et al. 2021
3.42677,0.00338,2.05127,0.00967,-0.00965,Calculated,0.14322,3.4E-4,-3.4E-4,Sing et al. 2024,0.9338,0.028,-0.028,Calculated,,,,0.67,0.02,-0.02,Piaulet et al. 2021
3.43014,0.00338,2.04512,0.01048,-0.01046,Calculated,0.14301,3.7E-4,-3.7E-4,Sing et al. 2024,0.9324,0.0279,-0.0279,Calculated,,,,0.67,0.02,-0.02,Piaulet et al. 2021
3.43352,0.00338,2.0874,0.01011,-0.01008,Calculated,0.14448,3.5E-4,-3.5E-4,Sing et al. 2024,0.942,0.0282,-0.0282,Calculated,,,,0.67,0.02,-0.02,Piaulet et al. 2021
3.43689,0.00338,2.05638,0.00993,-0.00991,Calculated,0.1434,3.5E-4,-3.5E-4,Sing et al. 2024,0.935,0.028,-0.028,Calculated,,,,0.67,0.02,-0.02,Piaulet et al. 2021
3.44027,0.00338,2.06856,0.01007,-0.01004,Calculated,0.14382,3.5E-4,-3.5E-4,Sing et al. 2024,0.9377,0.0281,-0.0281,Calculated,,,,0.67,0.02,-0.02,Piaulet et al. 2021
3.44364,0.00338,2.0675,0.0101,-0.01008,Calculated,0.14379,3.5E-4,-3.5E-4,Sing et al. 2024,0.9375,0.0281,-0.0281,Calculated,,,,0.67,0.02,-0.02,Piaulet et al. 2021
3.44702,0.00338,2.05735,0.01044,-0.01041,Calculated,0.14343,3.6E-4,-3.6E-4,Sing et al. 2024,0.9352,0.028,-0.028,Calculated,,,,0.67,0.02,-0.02,Piaulet et al. 2021
3.45039,0.00338,2.04852,0.01033,-0.01031,Calculated,0.14313,3.6E-4,-3.6E-4,Sing et al. 2024,0.9332,0.028,-0.028,Calculated,,,,0.67,0.02,-0.02,Piaulet et al. 2021
3.45377,0.00338,2.05923,0.00992,-0.0099,Calculated,0.1435,3.5E-4,-3.5E-4,Sing et al. 2024,0.9356,0.028,-0.028,Calculated,,,,0.67,0.02,-0.02,Piaulet et al. 2021
3.45714,0.00337,2.07258,0.01012,-0.0101,Calculated,0.14396,3.5E-4,-3.5E-4,Sing et al. 2024,0.9386,0.0281,-0.0281,Calculated,,,,0.67,0.02,-0.02,Piaulet et al. 2021
3.46052,0.00337,2.05704,0.01002,-0.00999,Calculated,0.14342,3.5E-4,-3.5E-4,Sing et al. 2024,0.9351,0.028,-0.028,Calculated,,,,0.67,0.02,-0.02,Piaulet et al. 2021
3.46389,0.00337,2.05696,0.01055,-0.01053,Calculated,0.14342,3.7E-4,-3.7E-4,Sing et al. 2024,0.9351,0.028,-0.028,Calculated,,,,0.67,0.02,-0.02,Piaulet et al. 2021
3.46727,0.00337,2.06659,0.01014,-0.01012,Calculated,0.14376,3.5E-4,-3.5E-4,Sing et al. 2024,0.9373,0.0281,-0.0281,Calculated,,,,0.67,0.02,-0.02,Piaulet et al. 2021
3.47064,0.00337,2.05538,0.01028,-0.01025,Calculated,0.14337,3.6E-4,-3.6E-4,Sing et al. 2024,0.9347,0.028,-0.028,Calculated,,,,0.67,0.02,-0.02,Piaulet et al. 2021
3.47402,0.00337,2.04861,0.01052,-0.01049,Calculated,0.14313,3.7E-4,-3.7E-4,Sing et al. 2024,0.9332,0.028,-0.028,Calculated,,,,0.67,0.02,-0.02,Piaulet et al. 2021
3.47739,0.00337,2.05644,0.01019,-0.01017,Calculated,0.1434,3.5E-4,-3.5E-4,Sing et al. 2024,0.935,0.028,-0.028,Calculated,,,,0.67,0.02,-0.02,Piaulet et al. 2021
3.48077,0.00337,2.05268,0.01034,-0.01031,Calculated,0.14327,3.6E-4,-3.6E-4,Sing et al. 2024,0.9341,0.028,-0.028,Calculated,,,,0.67,0.02,-0.02,Piaulet et al. 2021
3.48414,0.00337,2.05253,0.01036,-0.01033,Calculated,0.14327,3.6E-4,-3.6E-4,Sing et al. 2024,0.9341,0.028,-0.028,Calculated,,,,0.67,0.02,-0.02,Piaulet et al. 2021
3.48751,0.00337,2.0649,0.0104,-0.01038,Calculated,0.1437,3.6E-4,-3.6E-4,Sing et al. 2024,0.9369,0.0281,-0.0281,Calculated,,,,0.67,0.02,-0.02,Piaulet et al. 2021
3.49089,0.00337,2.07204,0.01024,-0.01022,Calculated,0.14395,3.6E-4,-3.6E-4,Sing et al. 2024,0.9385,0.0281,-0.0281,Calculated,,,,0.67,0.02,-0.02,Piaulet et al. 2021
3.49426,0.00337,2.0513,0.00991,-0.00988,Calculated,0.14322,3.5E-4,-3.5E-4,Sing et al. 2024,0.9338,0.028,-0.028,Calculated,,,,0.67,0.02,-0.02,Piaulet et al. 2021
3.49763,0.00337,2.03861,0.00979,-0.00977,Calculated,0.14278,3.4E-4,-3.4E-4,Sing et al. 2024,0.9309,0.0279,-0.0279,Calculated,,,,0.67,0.02,-0.02,Piaulet et al. 2021
3.50101,0.00337,2.05461,0.01005,-0.01003,Calculated,0.14334,3.5E-4,-3.5E-4,Sing et al. 2024,0.9346,0.028,-0.028,Calculated,,,,0.67,0.02,-0.02,Piaulet et al. 2021
3.50438,0.00337,2.05151,0.01028,-0.01026,Calculated,0.14323,3.6E-4,-3.6E-4,Sing et al. 2024,0.9338,0.028,-0.028,Calculated,,,,0.67,0.02,-0.02,Piaulet et al. 2021
3.50775,0.00337,2.06276,0.01068,-0.01065,Calculated,0.14362,3.7E-4,-3.7E-4,Sing et al. 2024,0.9364,0.0281,-0.0281,Calculated,,,,0.67,0.02,-0.02,Piaulet et al. 2021
3.51112,0.00337,2.05541,0.01058,-0.01055,Calculated,0.14337,3.7E-4,-3.7E-4,Sing et al. 2024,0.9347,0.028,-0.028,Calculated,,,,0.67,0.02,-0.02,Piaulet et al. 2021
3.5145,0.00337,2.07343,0.0106,-0.01058,Calculated,0.14399,3.7E-4,-3.7E-4,Sing et al. 2024,0.9388,0.0281,-0.0281,Calculated,,,,0.67,0.02,-0.02,Piaulet et al. 2021
3.51787,0.00337,2.0701,0.01032,-0.0103,Calculated,0.14388,3.6E-4,-3.6E-4,Sing et al. 2024,0.9381,0.0281,-0.0281,Calculated,,,,0.67,0.02,-0.02,Piaulet et al. 2021
3.52124,0.00337,2.05489,0.01074,-0.01071,Calculated,0.14335,3.7E-4,-3.7E-4,Sing et al. 2024,0.9346,0.028,-0.028,Calculated,,,,0.67,0.02,-0.02,Piaulet et al. 2021
3.52461,0.00337,2.06085,0.0112,-0.01117,Calculated,0.14356,3.9E-4,-3.9E-4,Sing et al. 2024,0.936,0.0281,-0.0281,Calculated,,,,0.67,0.02,-0.02,Piaulet et al. 2021
3.52799,0.00337,2.04567,0.01195,-0.01191,Calculated,0.14303,4.2E-4,-4.2E-4,Sing et al. 2024,0.9325,0.028,-0.028,Calculated,,,,0.67,0.02,-0.02,Piaulet et al. 2021
3.53136,0.00337,2.06325,0.0106,-0.01057,Calculated,0.14364,3.7E-4,-3.7E-4,Sing et al. 2024,0.9365,0.0281,-0.0281,Calculated,,,,0.67,0.02,-0.02,Piaulet et al. 2021
3.53473,0.00337,2.06927,0.00998,-0.00996,Calculated,0.14385,3.5E-4,-3.5E-4,Sing et al. 2024,0.9379,0.0281,-0.0281,Calculated,,,,0.67,0.02,-0.02,Piaulet et al. 2021
3.5381,0.00337,2.04496,0.01047,-0.01044,Calculated,0.143,3.7E-4,-3.7E-4,Sing et al. 2024,0.9324,0.0279,-0.0279,Calculated,,,,0.67,0.02,-0.02,Piaulet et al. 2021
3.54147,0.00337,2.06571,0.01103,-0.011,Calculated,0.14373,3.8E-4,-3.8E-4,Sing et al. 2024,0.9371,0.0281,-0.0281,Calculated,,,,0.67,0.02,-0.02,Piaulet et al. 2021
3.54484,0.00337,2.05331,0.0106,-0.01057,Calculated,0.14329,3.7E-4,-3.7E-4,Sing et al. 2024,0.9343,0.028,-0.028,Calculated,,,,0.67,0.02,-0.02,Piaulet et al. 2021
3.54821,0.00337,2.05603,0.0106,-0.01057,Calculated,0.14339,3.7E-4,-3.7E-4,Sing et al. 2024,0.9349,0.028,-0.028,Calculated,,,,0.67,0.02,-0.02,Piaulet et al. 2021
3.55159,0.00337,2.05825,0.01046,-0.01043,Calculated,0.14347,3.6E-4,-3.6E-4,Sing et al. 2024,0.9354,0.028,-0.028,Calculated,,,,0.67,0.02,-0.02,Piaulet et al. 2021
3.55496,0.00337,2.06306,0.01036,-0.01034,Calculated,0.14363,3.6E-4,-3.6E-4,Sing et al. 2024,0.9365,0.0281,-0.0281,Calculated,,,,0.67,0.02,-0.02,Piaulet et al. 2021
3.55833,0.00337,2.04641,0.01063,-0.0106,Calculated,0.14305,3.7E-4,-3.7E-4,Sing et al. 2024,0.9327,0.0279,-0.0279,Calculated,,,,0.67,0.02,-0.02,Piaulet et al. 2021
3.5617,0.00337,2.05736,0.01157,-0.01154,Calculated,0.14344,4.0E-4,-4.0E-4,Sing et al. 2024,0.9352,0.028,-0.028,Calculated,,,,0.67,0.02,-0.02,Piaulet et al. 2021
3.56507,0.00337,2.03059,0.01138,-0.01135,Calculated,0.1425,4.0E-4,-4.0E-4,Sing et al. 2024,0.9291,0.0279,-0.0279,Calculated,,,,0.67,0.02,-0.02,Piaulet et al. 2021
3.56844,0.00337,2.03864,0.01063,-0.0106,Calculated,0.14278,3.7E-4,-3.7E-4,Sing et al. 2024,0.9309,0.0279,-0.0279,Calculated,,,,0.67,0.02,-0.02,Piaulet et al. 2021
3.57181,0.00337,2.07598,0.01028,-0.01026,Calculated,0.14408,3.6E-4,-3.6E-4,Sing et al. 2024,0.9394,0.0281,-0.0281,Calculated,,,,0.67,0.02,-0.02,Piaulet et al. 2021
3.57518,0.00337,2.06862,0.01067,-0.01064,Calculated,0.14383,3.7E-4,-3.7E-4,Sing et al. 2024,0.9377,0.0281,-0.0281,Calculated,,,,0.67,0.02,-0.02,Piaulet et al. 2021
3.57855,0.00337,2.0587,0.01046,-0.01043,Calculated,0.14348,3.6E-4,-3.6E-4,Sing et al. 2024,0.9355,0.028,-0.028,Calculated,,,,0.67,0.02,-0.02,Piaulet et al. 2021
3.58192,0.00337,2.06312,0.01076,-0.01074,Calculated,0.14364,3.7E-4,-3.7E-4,Sing et al. 2024,0.9365,0.0281,-0.0281,Calculated,,,,0.67,0.02,-0.02,Piaulet et al. 2021
3.58529,0.00337,2.0291,0.01074,-0.01071,Calculated,0.14245,3.8E-4,-3.8E-4,Sing et al. 2024,0.9287,0.0278,-0.0278,Calculated,,,,0.67,0.02,-0.02,Piaulet et al. 2021
3.58866,0.00337,2.05894,0.01078,-0.01076,Calculated,0.14349,3.8E-4,-3.8E-4,Sing et al. 2024,0.9355,0.028,-0.028,Calculated,,,,0.67,0.02,-0.02,Piaulet et al. 2021
3.59203,0.00337,2.05366,0.01116,-0.01113,Calculated,0.14331,3.9E-4,-3.9E-4,Sing et al. 2024,0.9343,0.028,-0.028,Calculated,,,,0.67,0.02,-0.02,Piaulet et al. 2021
3.59539,0.00337,2.05969,0.01084,-0.01081,Calculated,0.14352,3.8E-4,-3.8E-4,Sing et al. 2024,0.9357,0.028,-0.028,Calculated,,,,0.67,0.02,-0.02,Piaulet et al. 2021
3.59876,0.00337,2.05078,0.01042,-0.0104,Calculated,0.14321,3.6E-4,-3.6E-4,Sing et al. 2024,0.9337,0.028,-0.028,Calculated,,,,0.67,0.02,-0.02,Piaulet et al. 2021
3.60213,0.00337,2.06555,0.01081,-0.01078,Calculated,0.14372,3.8E-4,-3.8E-4,Sing et al. 2024,0.937,0.0281,-0.0281,Calculated,,,,0.67,0.02,-0.02,Piaulet et al. 2021
3.6055,0.00337,2.0696,0.01043,-0.01041,Calculated,0.14386,3.6E-4,-3.6E-4,Sing et al. 2024,0.938,0.0281,-0.0281,Calculated,,,,0.67,0.02,-0.02,Piaulet et al. 2021
3.60887,0.00337,2.0577,0.0105,-0.01047,Calculated,0.14345,3.7E-4,-3.7E-4,Sing et al. 2024,0.9353,0.028,-0.028,Calculated,,,,0.67,0.02,-0.02,Piaulet et al. 2021
3.61224,0.00337,2.04823,0.0105,-0.01047,Calculated,0.14312,3.7E-4,-3.7E-4,Sing et al. 2024,0.9331,0.028,-0.028,Calculated,,,,0.67,0.02,-0.02,Piaulet et al. 2021
3.61561,0.00337,2.04786,0.01119,-0.01116,Calculated,0.1431,3.9E-4,-3.9E-4,Sing et al. 2024,0.933,0.028,-0.028,Calculated,,,,0.67,0.02,-0.02,Piaulet et al. 2021
3.61897,0.00337,2.05439,0.01106,-0.01103,Calculated,0.14333,3.9E-4,-3.9E-4,Sing et al. 2024,0.9345,0.028,-0.028,Calculated,,,,0.67,0.02,-0.02,Piaulet et al. 2021
3.62234,0.00337,2.03407,0.01061,-0.01058,Calculated,0.14262,3.7E-4,-3.7E-4,Sing et al. 2024,0.9299,0.0279,-0.0279,Calculated,,,,0.67,0.02,-0.02,Piaulet et al. 2021
3.62571,0.00337,2.03253,0.01084,-0.01081,Calculated,0.14257,3.8E-4,-3.8E-4,Sing et al. 2024,0.9295,0.0279,-0.0279,Calculated,,,,0.67,0.02,-0.02,Piaulet et al. 2021
3.62908,0.00337,2.0489,0.01124,-0.01121,Calculated,0.14314,3.9E-4,-3.9E-4,Sing et al. 2024,0.9333,0.028,-0.028,Calculated,,,,0.67,0.02,-0.02,Piaulet et al. 2021
3.63244,0.00337,2.06925,0.011,-0.01097,Calculated,0.14385,3.8E-4,-3.8E-4,Sing et al. 2024,0.9379,0.0281,-0.0281,Calculated,,,,0.67,0.02,-0.02,Piaulet et al. 2021
3.63581,0.00337,2.0508,0.01078,-0.01075,Calculated,0.14321,3.8E-4,-3.8E-4,Sing et al. 2024,0.9337,0.028,-0.028,Calculated,,,,0.67,0.02,-0.02,Piaulet et al. 2021
3.63918,0.00337,2.05323,0.01131,-0.01128,Calculated,0.14329,3.9E-4,-3.9E-4,Sing et al. 2024,0.9342,0.028,-0.028,Calculated,,,,0.67,0.02,-0.02,Piaulet et al. 2021
3.64254,0.00337,2.04591,0.0109,-0.01087,Calculated,0.14304,3.8E-4,-3.8E-4,Sing et al. 2024,0.9326,0.0279,-0.0279,Calculated,,,,0.67,0.02,-0.02,Piaulet et al. 2021
3.64591,0.00337,2.04766,0.01084,-0.01081,Calculated,0.1431,3.8E-4,-3.8E-4,Sing et al. 2024,0.933,0.028,-0.028,Calculated,,,,0.67,0.02,-0.02,Piaulet et al. 2021
3.64928,0.00337,2.04792,0.01169,-0.01166,Calculated,0.14311,4.1E-4,-4.1E-4,Sing et al. 2024,0.933,0.028,-0.028,Calculated,,,,0.67,0.02,-0.02,Piaulet et al. 2021
3.65264,0.00337,2.05469,0.01197,-0.01194,Calculated,0.14334,4.2E-4,-4.2E-4,Sing et al. 2024,0.9346,0.028,-0.028,Calculated,,,,0.67,0.02,-0.02,Piaulet et al. 2021
3.65601,0.00337,2.07435,0.01079,-0.01076,Calculated,0.14403,3.7E-4,-3.7E-4,Sing et al. 2024,0.939,0.0281,-0.0281,Calculated,,,,0.67,0.02,-0.02,Piaulet et al. 2021
3.65938,0.00337,2.05675,0.01115,-0.01112,Calculated,0.14341,3.9E-4,-3.9E-4,Sing et al. 2024,0.935,0.028,-0.028,Calculated,,,,0.67,0.02,-0.02,Piaulet et al. 2021
3.66274,0.00337,2.05429,0.01127,-0.01124,Calculated,0.14333,3.9E-4,-3.9E-4,Sing et al. 2024,0.9345,0.028,-0.028,Calculated,,,,0.67,0.02,-0.02,Piaulet et al. 2021
3.66611,0.00337,2.0481,0.01123,-0.0112,Calculated,0.14311,3.9E-4,-3.9E-4,Sing et al. 2024,0.9331,0.028,-0.028,Calculated,,,,0.67,0.02,-0.02,Piaulet et al. 2021
3.66947,0.00337,2.07361,0.01088,-0.01085,Calculated,0.144,3.8E-4,-3.8E-4,Sing et al. 2024,0.9389,0.0281,-0.0281,Calculated,,,,0.67,0.02,-0.02,Piaulet et al. 2021
3.67284,0.00337,2.06204,0.01119,-0.01116,Calculated,0.1436,3.9E-4,-3.9E-4,Sing et al. 2024,0.9362,0.0281,-0.0281,Calculated,,,,0.67,0.02,-0.02,Piaulet et al. 2021
3.67621,0.00337,2.0462,0.01087,-0.01085,Calculated,0.14305,3.8E-4,-3.8E-4,Sing et al. 2024,0.9326,0.0279,-0.0279,Calculated,,,,0.67,0.02,-0.02,Piaulet et al. 2021
3.67957,0.00337,2.04315,0.01174,-0.01171,Calculated,0.14294,4.1E-4,-4.1E-4,Sing et al. 2024,0.9319,0.0279,-0.0279,Calculated,,,,0.67,0.02,-0.02,Piaulet et al. 2021
3.68294,0.00337,2.06826,0.01128,-0.01125,Calculated,0.14381,3.9E-4,-3.9E-4,Sing et al. 2024,0.9377,0.0281,-0.0281,Calculated,,,,0.67,0.02,-0.02,Piaulet et al. 2021
3.6863,0.00336,2.0503,0.01127,-0.01124,Calculated,0.14319,3.9E-4,-3.9E-4,Sing et al. 2024,0.9336,0.028,-0.028,Calculated,,,,0.67,0.02,-0.02,Piaulet et al. 2021
3.68967,0.00336,2.06024,0.01131,-0.01128,Calculated,0.14354,3.9E-4,-3.9E-4,Sing et al. 2024,0.9358,0.0281,-0.0281,Calculated,,,,0.67,0.02,-0.02,Piaulet et al. 2021
3.69303,0.00336,2.06503,0.01111,-0.01108,Calculated,0.1437,3.9E-4,-3.9E-4,Sing et al. 2024,0.9369,0.0281,-0.0281,Calculated,,,,0.67,0.02,-0.02,Piaulet et al. 2021
3.69639,0.00336,2.0482,0.01173,-0.0117,Calculated,0.14312,4.1E-4,-4.1E-4,Sing et al. 2024,0.9331,0.028,-0.028,Calculated,,,,0.67,0.02,-0.02,Piaulet et al. 2021
3.69976,0.00336,2.04831,0.0113,-0.01127,Calculated,0.14312,3.9E-4,-3.9E-4,Sing et al. 2024,0.9331,0.028,-0.028,Calculated,,,,0.67,0.02,-0.02,Piaulet et al. 2021
3.70312,0.00336,2.05878,0.01126,-0.01123,Calculated,0.14348,3.9E-4,-3.9E-4,Sing et al. 2024,0.9355,0.028,-0.028,Calculated,,,,0.67,0.02,-0.02,Piaulet et al. 2021
3.70649,0.00336,2.03285,0.01172,-0.01168,Calculated,0.14258,4.1E-4,-4.1E-4,Sing et al. 2024,0.9296,0.0279,-0.0279,Calculated,,,,0.67,0.02,-0.02,Piaulet et al. 2021
3.70985,0.00336,2.04109,0.01192,-0.01188,Calculated,0.14287,4.2E-4,-4.2E-4,Sing et al. 2024,0.9315,0.0279,-0.0279,Calculated,,,,0.67,0.02,-0.02,Piaulet et al. 2021
3.71389,0.00404,2.04248,0.01068,-0.01065,Calculated,0.14292,3.7E-4,-3.7E-4,Sing et al. 2024,0.9318,0.0279,-0.0279,Calculated,,,,0.67,0.02,-0.02,Piaulet et al. 2021
3.82961,0.0047,2.07305,0.01129,-0.01126,Calculated,0.14398,3.9E-4,-3.9E-4,Sing et al. 2024,0.9387,0.0281,-0.0281,Calculated,,,,0.67,0.02,-0.02,Piaulet et al. 2021
3.83431,0.0047,2.06397,0.01187,-0.01184,Calculated,0.14367,4.1E-4,-4.1E-4,Sing et al. 2024,0.9367,0.0281,-0.0281,Calculated,,,,0.67,0.02,-0.02,Piaulet et al. 2021
3.83901,0.0047,2.03228,0.0119,-0.01186,Calculated,0.14256,4.2E-4,-4.2E-4,Sing et al. 2024,0.9295,0.0279,-0.0279,Calculated,,,,0.67,0.02,-0.02,Piaulet et al. 2021
3.84371,0.0047,2.03413,0.0119,-0.01187,Calculated,0.14262,4.2E-4,-4.2E-4,Sing et al. 2024,0.9299,0.0279,-0.0279,Calculated,,,,0.67,0.02,-0.02,Piaulet et al. 2021
3.84841,0.0047,2.0566,0.01206,-0.01203,Calculated,0.14341,4.2E-4,-4.2E-4,Sing et al. 2024,0.935,0.028,-0.028,Calculated,,,,0.67,0.02,-0.02,Piaulet et al. 2021
3.85311,0.0047,2.04612,0.0115,-0.01147,Calculated,0.14304,4.0E-4,-4.0E-4,Sing et al. 2024,0.9326,0.028,-0.028,Calculated,,,,0.67,0.02,-0.02,Piaulet et al. 2021
3.85781,0.0047,2.02733,0.01212,-0.01208,Calculated,0.14238,4.2E-4,-4.2E-4,Sing et al. 2024,0.9283,0.0278,-0.0278,Calculated,,,,0.67,0.02,-0.02,Piaulet et al. 2021
3.86251,0.0047,2.06223,0.0115,-0.01147,Calculated,0.1436,4.0E-4,-4.0E-4,Sing et al. 2024,0.9363,0.0281,-0.0281,Calculated,,,,0.67,0.02,-0.02,Piaulet et al. 2021
3.86721,0.0047,2.04835,0.01259,-0.01255,Calculated,0.14312,4.4E-4,-4.4E-4,Sing et al. 2024,0.9331,0.028,-0.028,Calculated,,,,0.67,0.02,-0.02,Piaulet et al. 2021
3.8719,0.0047,2.04336,0.01226,-0.01222,Calculated,0.14295,4.3E-4,-4.3E-4,Sing et al. 2024,0.932,0.028,-0.028,Calculated,,,,0.67,0.02,-0.02,Piaulet et al. 2021
3.8766,0.0047,2.0656,0.0117,-0.01167,Calculated,0.14372,4.1E-4,-4.1E-4,Sing et al. 2024,0.937,0.0281,-0.0281,Calculated,,,,0.67,0.02,-0.02,Piaulet et al. 2021
3.8813,0.0047,2.04791,0.0118,-0.01177,Calculated,0.14311,4.1E-4,-4.1E-4,Sing et al. 2024,0.933,0.028,-0.028,Calculated,,,,0.67,0.02,-0.02,Piaulet et al. 2021
3.886,0.0047,2.04881,0.01236,-0.01232,Calculated,0.14314,4.3E-4,-4.3E-4,Sing et al. 2024,0.9332,0.028,-0.028,Calculated,,,,0.67,0.02,-0.02,Piaulet et al. 2021
3.89069,0.0047,2.0454,0.01164,-0.01161,Calculated,0.14302,4.1E-4,-4.1E-4,Sing et al. 2024,0.9325,0.028,-0.028,Calculated,,,,0.67,0.02,-0.02,Piaulet et al. 2021
3.89539,0.0047,2.04988,0.01272,-0.01268,Calculated,0.14317,4.4E-4,-4.4E-4,Sing et al. 2024,0.9335,0.028,-0.028,Calculated,,,,0.67,0.02,-0.02,Piaulet et al. 2021
3.90009,0.0047,2.04449,0.01189,-0.01185,Calculated,0.14299,4.2E-4,-4.2E-4,Sing et al. 2024,0.9322,0.028,-0.028,Calculated,,,,0.67,0.02,-0.02,Piaulet et al. 2021
3.90478,0.0047,2.05629,0.01253,-0.01249,Calculated,0.1434,4.4E-4,-4.4E-4,Sing et al. 2024,0.9349,0.0281,-0.0281,Calculated,,,,0.67,0.02,-0.02,Piaulet et al. 2021
3.90948,0.0047,2.04404,0.01252,-0.01249,Calculated,0.14297,4.4E-4,-4.4E-4,Sing et al. 2024,0.9321,0.028,-0.028,Calculated,,,,0.67,0.02,-0.02,Piaulet et al. 2021
3.91417,0.0047,2.03169,0.01348,-0.01344,Calculated,0.14254,4.7E-4,-4.7E-4,Sing et al. 2024,0.9293,0.0279,-0.0279,Calculated,,,,0.67,0.02,-0.02,Piaulet et al. 2021
3.91887,0.0047,2.07093,0.01231,-0.01227,Calculated,0.14391,4.3E-4,-4.3E-4,Sing et al. 2024,0.9383,0.0281,-0.0281,Calculated,,,,0.67,0.02,-0.02,Piaulet et al. 2021
3.92356,0.00469,2.06271,0.01189,-0.01186,Calculated,0.14362,4.1E-4,-4.1E-4,Sing et al. 2024,0.9364,0.0281,-0.0281,Calculated,,,,0.67,0.02,-0.02,Piaulet et al. 2021
3.92826,0.00469,2.04278,0.01272,-0.01269,Calculated,0.14293,4.4E-4,-4.4E-4,Sing et al. 2024,0.9319,0.028,-0.028,Calculated,,,,0.67,0.02,-0.02,Piaulet et al. 2021
3.93295,0.00469,2.06249,0.01211,-0.01207,Calculated,0.14361,4.2E-4,-4.2E-4,Sing et al. 2024,0.9363,0.0281,-0.0281,Calculated,,,,0.67,0.02,-0.02,Piaulet et al. 2021
3.93765,0.00469,2.04341,0.01261,-0.01257,Calculated,0.14295,4.4E-4,-4.4E-4,Sing et al. 2024,0.932,0.028,-0.028,Calculated,,,,0.67,0.02,-0.02,Piaulet et al. 2021
3.94234,0.00469,2.04052,0.01197,-0.01193,Calculated,0.14285,4.2E-4,-4.2E-4,Sing et al. 2024,0.9313,0.0279,-0.0279,Calculated,,,,0.67,0.02,-0.02,Piaulet et al. 2021
3.94703,0.00469,2.04245,0.01241,-0.01237,Calculated,0.14291,4.3E-4,-4.3E-4,Sing et al. 2024,0.9318,0.028,-0.028,Calculated,,,,0.67,0.02,-0.02,Piaulet et al. 2021
3.95173,0.00469,2.0777,0.01274,-0.0127,Calculated,0.14414,4.4E-4,-4.4E-4,Sing et al. 2024,0.9398,0.0282,-0.0282,Calculated,,,,0.67,0.02,-0.02,Piaulet et al. 2021
3.95642,0.00469,2.07544,0.01263,-0.01259,Calculated,0.14406,4.4E-4,-4.4E-4,Sing et al. 2024,0.9393,0.0282,-0.0282,Calculated,,,,0.67,0.02,-0.02,Piaulet et al. 2021
3.96111,0.00469,2.06197,0.01248,-0.01244,Calculated,0.1436,4.3E-4,-4.3E-4,Sing et al. 2024,0.9362,0.0281,-0.0281,Calculated,,,,0.67,0.02,-0.02,Piaulet et al. 2021
3.96579,0.00466,2.07127,0.01251,-0.01247,Calculated,0.14392,4.3E-4,-4.3E-4,Sing et al. 2024,0.9383,0.0282,-0.0282,Calculated,,,,0.67,0.02,-0.02,Piaulet et al. 2021
3.97047,0.00469,2.07451,0.01267,-0.01263,Calculated,0.14403,4.4E-4,-4.4E-4,Sing et al. 2024,0.9391,0.0282,-0.0282,Calculated,,,,0.67,0.02,-0.02,Piaulet et al. 2021
3.97516,0.00469,2.06005,0.01236,-0.01233,Calculated,0.14353,4.3E-4,-4.3E-4,Sing et al. 2024,0.9358,0.0281,-0.0281,Calculated,,,,0.67,0.02,-0.02,Piaulet et al. 2021
3.97985,0.00469,2.07672,0.01282,-0.01278,Calculated,0.14411,4.4E-4,-4.4E-4,Sing et al. 2024,0.9396,0.0282,-0.0282,Calculated,,,,0.67,0.02,-0.02,Piaulet et al. 2021
3.98454,0.00469,2.07998,0.01275,-0.01271,Calculated,0.14422,4.4E-4,-4.4E-4,Sing et al. 2024,0.9403,0.0282,-0.0282,Calculated,,,,0.67,0.02,-0.02,Piaulet et al. 2021
3.98923,0.00469,2.05872,0.01299,-0.01295,Calculated,0.14348,4.5E-4,-4.5E-4,Sing et al. 2024,0.9355,0.0281,-0.0281,Calculated,,,,0.67,0.02,-0.02,Piaulet et al. 2021
3.99392,0.00469,2.05242,0.0131,-0.01306,Calculated,0.14326,4.6E-4,-4.6E-4,Sing et al. 2024,0.9341,0.028,-0.028,Calculated,,,,0.67,0.02,-0.02,Piaulet et al. 2021
3.99861,0.00469,2.05779,0.01236,-0.01232,Calculated,0.14345,4.3E-4,-4.3E-4,Sing et al. 2024,0.9353,0.0281,-0.0281,Calculated,,,,0.67,0.02,-0.02,Piaulet et al. 2021
4.0033,0.00469,2.04728,0.01277,-0.01273,Calculated,0.14308,4.5E-4,-4.5E-4,Sing et al. 2024,0.9329,0.028,-0.028,Calculated,,,,0.67,0.02,-0.02,Piaulet et al. 2021
4.00799,0.00469,2.08699,0.0132,-0.01316,Calculated,0.14446,4.6E-4,-4.6E-4,Sing et al. 2024,0.9419,0.0283,-0.0283,Calculated,,,,0.67,0.02,-0.02,Piaulet et al. 2021
4.01268,0.00469,2.05047,0.01239,-0.01236,Calculated,0.14319,4.3E-4,-4.3E-4,Sing et al. 2024,0.9336,0.028,-0.028,Calculated,,,,0.67,0.02,-0.02,Piaulet et al. 2021
4.01736,0.00469,2.06354,0.01269,-0.01265,Calculated,0.14365,4.4E-4,-4.4E-4,Sing et al. 2024,0.9366,0.0281,-0.0281,Calculated,,,,0.67,0.02,-0.02,Piaulet et al. 2021
4.02205,0.00469,2.05769,0.01315,-0.0131,Calculated,0.14345,4.6E-4,-4.6E-4,Sing et al. 2024,0.9353,0.0281,-0.0281,Calculated,,,,0.67,0.02,-0.02,Piaulet et al. 2021
4.02674,0.00469,2.04932,0.01339,-0.01335,Calculated,0.14315,4.7E-4,-4.7E-4,Sing et al. 2024,0.9333,0.028,-0.028,Calculated,,,,0.67,0.02,-0.02,Piaulet et al. 2021
4.03143,0.00469,2.07751,0.01421,-0.01416,Calculated,0.14414,4.9E-4,-4.9E-4,Sing et al. 2024,0.9397,0.0282,-0.0282,Calculated,,,,0.67,0.02,-0.02,Piaulet et al. 2021
4.03612,0.00469,2.05452,0.013,-0.01296,Calculated,0.14334,4.5E-4,-4.5E-4,Sing et al. 2024,0.9345,0.0281,-0.0281,Calculated,,,,0.67,0.02,-0.02,Piaulet et al. 2021
4.0408,0.00469,2.08042,0.01254,-0.0125,Calculated,0.14424,4.3E-4,-4.3E-4,Sing et al. 2024,0.9404,0.0282,-0.0282,Calculated,,,,0.67,0.02,-0.02,Piaulet et al. 2021
4.04549,0.00469,2.06318,0.01285,-0.01281,Calculated,0.14364,4.5E-4,-4.5E-4,Sing et al. 2024,0.9365,0.0281,-0.0281,Calculated,,,,0.67,0.02,-0.02,Piaulet et al. 2021
4.05017,0.00469,2.10967,0.01328,-0.01323,Calculated,0.14525,4.6E-4,-4.6E-4,Sing et al. 2024,0.947,0.0284,-0.0284,Calculated,,,,0.67,0.02,-0.02,Piaulet et al. 2021
4.05486,0.00469,2.08314,0.01325,-0.0132,Calculated,0.14433,4.6E-4,-4.6E-4,Sing et al. 2024,0.941,0.0282,-0.0282,Calculated,,,,0.67,0.02,-0.02,Piaulet et al. 2021
4.05955,0.00469,2.08604,0.01355,-0.0135,Calculated,0.14443,4.7E-4,-4.7E-4,Sing et al. 2024,0.9417,0.0283,-0.0283,Calculated,,,,0.67,0.02,-0.02,Piaulet et al. 2021
4.06423,0.00469,2.06433,0.01339,-0.01335,Calculated,0.14368,4.7E-4,-4.7E-4,Sing et al. 2024,0.9368,0.0281,-0.0281,Calculated,,,,0.67,0.02,-0.02,Piaulet et al. 2021
4.06892,0.00468,2.06166,0.01316,-0.01312,Calculated,0.14358,4.6E-4,-4.6E-4,Sing et al. 2024,0.9362,0.0281,-0.0281,Calculated,,,,0.67,0.02,-0.02,Piaulet et al. 2021
4.0736,0.00468,2.06059,0.01317,-0.01313,Calculated,0.14355,4.6E-4,-4.6E-4,Sing et al. 2024,0.9359,0.0281,-0.0281,Calculated,,,,0.67,0.02,-0.02,Piaulet et al. 2021
4.07828,0.00468,2.06557,0.01432,-0.01427,Calculated,0.14372,5.0E-4,-5.0E-4,Sing et al. 2024,0.937,0.0282,-0.0282,Calculated,,,,0.67,0.02,-0.02,Piaulet et al. 2021
4.08297,0.00468,2.06557,0.01353,-0.01348,Calculated,0.14372,4.7E-4,-4.7E-4,Sing et al. 2024,0.937,0.0281,-0.0281,Calculated,,,,0.67,0.02,-0.02,Piaulet et al. 2021
4.08765,0.00468,2.06247,0.01348,-0.01344,Calculated,0.14361,4.7E-4,-4.7E-4,Sing et al. 2024,0.9363,0.0281,-0.0281,Calculated,,,,0.67,0.02,-0.02,Piaulet et al. 2021
4.09234,0.00468,2.06482,0.01342,-0.01337,Calculated,0.14369,4.7E-4,-4.7E-4,Sing et al. 2024,0.9369,0.0281,-0.0281,Calculated,,,,0.67,0.02,-0.02,Piaulet et al. 2021
4.09702,0.00468,2.04621,0.01378,-0.01373,Calculated,0.14305,4.8E-4,-4.8E-4,Sing et al. 2024,0.9326,0.028,-0.028,Calculated,,,,0.67,0.02,-0.02,Piaulet et al. 2021
4.1017,0.00468,2.0617,0.01353,-0.01349,Calculated,0.14359,4.7E-4,-4.7E-4,Sing et al. 2024,0.9362,0.0281,-0.0281,Calculated,,,,0.67,0.02,-0.02,Piaulet et al. 2021
4.10638,0.00468,2.0291,0.01348,-0.01344,Calculated,0.14245,4.7E-4,-4.7E-4,Sing et al. 2024,0.9287,0.0279,-0.0279,Calculated,,,,0.67,0.02,-0.02,Piaulet et al. 2021
4.11106,0.00468,2.05058,0.01439,-0.01434,Calculated,0.1432,5.0E-4,-5.0E-4,Sing et al. 2024,0.9336,0.0281,-0.0281,Calculated,,,,0.67,0.02,-0.02,Piaulet et al. 2021
4.11575,0.00468,2.0354,0.01372,-0.01367,Calculated,0.14267,4.8E-4,-4.8E-4,Sing et al. 2024,0.9302,0.0279,-0.0279,Calculated,,,,0.67,0.02,-0.02,Piaulet et al. 2021
4.12043,0.00468,2.06813,0.01322,-0.01318,Calculated,0.14381,4.6E-4,-4.6E-4,Sing et al. 2024,0.9376,0.0281,-0.0281,Calculated,,,,0.67,0.02,-0.02,Piaulet et al. 2021
4.12511,0.00468,2.03527,0.01298,-0.01294,Calculated,0.14266,4.5E-4,-4.5E-4,Sing et al. 2024,0.9301,0.0279,-0.0279,Calculated,,,,0.67,0.02,-0.02,Piaulet et al. 2021
4.12975,0.00465,2.06525,0.01335,-0.01331,Calculated,0.14371,4.6E-4,-4.6E-4,Sing et al. 2024,0.937,0.0281,-0.0281,Calculated,,,,0.67,0.02,-0.02,Piaulet et al. 2021
4.13444,0.00468,2.06815,0.01407,-0.01402,Calculated,0.14381,4.9E-4,-4.9E-4,Sing et al. 2024,0.9376,0.0282,-0.0282,Calculated,,,,0.67,0.02,-0.02,Piaulet et al. 2021
4.13912,0.00468,2.07919,0.01374,-0.0137,Calculated,0.14419,4.8E-4,-4.8E-4,Sing et al. 2024,0.9401,0.0282,-0.0282,Calculated,,,,0.67,0.02,-0.02,Piaulet et al. 2021
4.1438,0.00468,2.04431,0.01369,-0.01364,Calculated,0.14298,4.8E-4,-4.8E-4,Sing et al. 2024,0.9322,0.028,-0.028,Calculated,,,,0.67,0.02,-0.02,Piaulet et al. 2021
4.14848,0.00468,2.03434,0.01377,-0.01372,Calculated,0.14263,4.8E-4,-4.8E-4,Sing et al. 2024,0.9299,0.0279,-0.0279,Calculated,,,,0.67,0.02,-0.02,Piaulet et al. 2021
4.15315,0.00468,2.05336,0.0141,-0.01405,Calculated,0.1433,4.9E-4,-4.9E-4,Sing et al. 2024,0.9343,0.0281,-0.0281,Calculated,,,,0.67,0.02,-0.02,Piaulet et al. 2021
4.15783,0.00468,2.05936,0.01448,-0.01442,Calculated,0.1435,5.0E-4,-5.0E-4,Sing et al. 2024,0.9356,0.0281,-0.0281,Calculated,,,,0.67,0.02,-0.02,Piaulet et al. 2021
4.16248,0.00465,2.06658,0.01387,-0.01383,Calculated,0.14376,4.8E-4,-4.8E-4,Sing et al. 2024,0.9373,0.0282,-0.0282,Calculated,,,,0.67,0.02,-0.02,Piaulet et al. 2021
4.16716,0.00468,2.06342,0.01431,-0.01426,Calculated,0.14365,5.0E-4,-5.0E-4,Sing et al. 2024,0.9366,0.0281,-0.0281,Calculated,,,,0.67,0.02,-0.02,Piaulet et al. 2021
4.17183,0.00468,2.06629,0.01371,-0.01366,Calculated,0.14375,4.8E-4,-4.8E-4,Sing et al. 2024,0.9372,0.0281,-0.0281,Calculated,,,,0.67,0.02,-0.02,Piaulet et al. 2021
4.17651,0.00468,2.05457,0.01371,-0.01367,Calculated,0.14334,4.8E-4,-4.8E-4,Sing et al. 2024,0.9345,0.0281,-0.0281,Calculated,,,,0.67,0.02,-0.02,Piaulet et al. 2021
4.18119,0.00468,2.08847,0.01433,-0.01428,Calculated,0.14452,4.9E-4,-4.9E-4,Sing et al. 2024,0.9422,0.0283,-0.0283,Calculated,,,,0.67,0.02,-0.02,Piaulet et al. 2021
4.18586,0.00468,2.06609,0.01394,-0.0139,Calculated,0.14374,4.8E-4,-4.8E-4,Sing et al. 2024,0.9372,0.0282,-0.0282,Calculated,,,,0.67,0.02,-0.02,Piaulet et al. 2021
4.19054,0.00468,2.0655,0.01453,-0.01447,Calculated,0.14372,5.0E-4,-5.0E-4,Sing et al. 2024,0.937,0.0282,-0.0282,Calculated,,,,0.67,0.02,-0.02,Piaulet et al. 2021
4.19522,0.00468,2.06067,0.01418,-0.01413,Calculated,0.14355,4.9E-4,-4.9E-4,Sing et al. 2024,0.9359,0.0281,-0.0281,Calculated,,,,0.67,0.02,-0.02,Piaulet et al. 2021
4.19989,0.00468,2.0698,0.01427,-0.01423,Calculated,0.14387,5.0E-4,-5.0E-4,Sing et al. 2024,0.938,0.0282,-0.0282,Calculated,,,,0.67,0.02,-0.02,Piaulet et al. 2021
4.20457,0.00467,2.08107,0.01504,-0.01498,Calculated,0.14426,5.2E-4,-5.2E-4,Sing et al. 2024,0.9406,0.0283,-0.0283,Calculated,,,,0.67,0.02,-0.02,Piaulet et al. 2021
4.20924,0.00467,2.07824,0.0145,-0.01445,Calculated,0.14416,5.0E-4,-5.0E-4,Sing et al. 2024,0.9399,0.0282,-0.0282,Calculated,,,,0.67,0.02,-0.02,Piaulet et al. 2021
4.21391,0.00467,2.08829,0.0149,-0.01485,Calculated,0.14451,5.1E-4,-5.1E-4,Sing et al. 2024,0.9422,0.0283,-0.0283,Calculated,,,,0.67,0.02,-0.02,Piaulet et al. 2021
4.21859,0.00467,2.09465,0.0141,-0.01405,Calculated,0.14473,4.9E-4,-4.9E-4,Sing et al. 2024,0.9436,0.0283,-0.0283,Calculated,,,,0.67,0.02,-0.02,Piaulet et al. 2021
4.22326,0.00467,2.09849,0.0142,-0.01415,Calculated,0.14486,4.9E-4,-4.9E-4,Sing et al. 2024,0.9445,0.0284,-0.0284,Calculated,,,,0.67,0.02,-0.02,Piaulet et al. 2021
4.22794,0.00467,2.1263,0.01468,-0.01463,Calculated,0.14582,5.0E-4,-5.0E-4,Sing et al. 2024,0.9507,0.0286,-0.0286,Calculated,,,,0.67,0.02,-0.02,Piaulet et al. 2021
4.23261,0.00467,2.09953,0.0143,-0.01425,Calculated,0.1449,4.9E-4,-4.9E-4,Sing et al. 2024,0.9447,0.0284,-0.0284,Calculated,,,,0.67,0.02,-0.02,Piaulet et al. 2021
4.23728,0.00467,2.12654,0.01413,-0.01409,Calculated,0.14583,4.8E-4,-4.8E-4,Sing et al. 2024,0.9508,0.0286,-0.0286,Calculated,,,,0.67,0.02,-0.02,Piaulet et al. 2021
4.24195,0.00467,2.13394,0.01443,-0.01438,Calculated,0.14608,4.9E-4,-4.9E-4,Sing et al. 2024,0.9524,0.0286,-0.0286,Calculated,,,,0.67,0.02,-0.02,Piaulet et al. 2021
4.24662,0.00467,2.11484,0.01435,-0.0143,Calculated,0.14542,4.9E-4,-4.9E-4,Sing et al. 2024,0.9482,0.0285,-0.0285,Calculated,,,,0.67,0.02,-0.02,Piaulet et al. 2021
4.2513,0.00467,2.11364,0.01467,-0.01462,Calculated,0.14538,5.0E-4,-5.0E-4,Sing et al. 2024,0.9479,0.0285,-0.0285,Calculated,,,,0.67,0.02,-0.02,Piaulet et al. 2021
4.25597,0.00467,2.13965,0.01448,-0.01444,Calculated,0.14628,4.9E-4,-4.9E-4,Sing et al. 2024,0.9537,0.0287,-0.0287,Calculated,,,,0.67,0.02,-0.02,Piaulet et al. 2021
4.26064,0.00467,2.14183,0.01534,-0.01529,Calculated,0.14635,5.2E-4,-5.2E-4,Sing et al. 2024,0.9542,0.0287,-0.0287,Calculated,,,,0.67,0.02,-0.02,Piaulet et al. 2021
4.26528,0.00464,2.12889,0.01506,-0.01501,Calculated,0.14591,5.2E-4,-5.2E-4,Sing et al. 2024,0.9513,0.0286,-0.0286,Calculated,,,,0.67,0.02,-0.02,Piaulet et al. 2021
4.26995,0.00467,2.16124,0.01482,-0.01477,Calculated,0.14701,5.0E-4,-5.0E-4,Sing et al. 2024,0.9585,0.0288,-0.0288,Calculated,,,,0.67,0.02,-0.02,Piaulet et al. 2021
4.27461,0.00467,2.13903,0.01483,-0.01478,Calculated,0.14625,5.1E-4,-5.1E-4,Sing et al. 2024,0.9536,0.0287,-0.0287,Calculated,,,,0.67,0.02,-0.02,Piaulet et al. 2021
4.27928,0.00467,2.1273,0.01464,-0.01459,Calculated,0.14585,5.0E-4,-5.0E-4,Sing et al. 2024,0.9509,0.0286,-0.0286,Calculated,,,,0.67,0.02,-0.02,Piaulet et al. 2021
4.28395,0.00467,2.13581,0.01547,-0.01541,Calculated,0.14614,5.3E-4,-5.3E-4,Sing et al. 2024,0.9528,0.0287,-0.0287,Calculated,,,,0.67,0.02,-0.02,Piaulet et al. 2021
4.28859,0.00464,2.19125,0.01549,-0.01544,Calculated,0.14803,5.2E-4,-5.2E-4,Sing et al. 2024,0.9651,0.029,-0.029,Calculated,,,,0.67,0.02,-0.02,Piaulet et al. 2021
4.29326,0.00467,2.15434,0.01471,-0.01466,Calculated,0.14678,5.0E-4,-5.0E-4,Sing et al. 2024,0.957,0.0288,-0.0288,Calculated,,,,0.67,0.02,-0.02,Piaulet et al. 2021
4.29793,0.00467,2.16344,0.01659,-0.01653,Calculated,0.14709,5.6E-4,-5.6E-4,Sing et al. 2024,0.959,0.0289,-0.0289,Calculated,,,,0.67,0.02,-0.02,Piaulet et al. 2021
4.30259,0.00467,2.16342,0.01576,-0.01571,Calculated,0.14709,5.3E-4,-5.3E-4,Sing et al. 2024,0.959,0.0288,-0.0288,Calculated,,,,0.67,0.02,-0.02,Piaulet et al. 2021
4.30726,0.00467,2.15682,0.0159,-0.01584,Calculated,0.14686,5.4E-4,-5.4E-4,Sing et al. 2024,0.9575,0.0288,-0.0288,Calculated,,,,0.67,0.02,-0.02,Piaulet et al. 2021
4.31193,0.00467,2.1293,0.01589,-0.01583,Calculated,0.14592,5.4E-4,-5.4E-4,Sing et al. 2024,0.9514,0.0286,-0.0286,Calculated,,,,0.67,0.02,-0.02,Piaulet et al. 2021
4.31659,0.00467,2.12452,0.01592,-0.01586,Calculated,0.14576,5.5E-4,-5.5E-4,Sing et al. 2024,0.9503,0.0286,-0.0286,Calculated,,,,0.67,0.02,-0.02,Piaulet et al. 2021
4.32126,0.00467,2.16101,0.01617,-0.01611,Calculated,0.147,5.5E-4,-5.5E-4,Sing et al. 2024,0.9584,0.0288,-0.0288,Calculated,,,,0.67,0.02,-0.02,Piaulet et al. 2021
4.32592,0.00467,2.17276,0.01596,-0.0159,Calculated,0.1474,5.4E-4,-5.4E-4,Sing et al. 2024,0.961,0.0289,-0.0289,Calculated,,,,0.67,0.02,-0.02,Piaulet et al. 2021
4.33059,0.00466,2.15359,0.01625,-0.01619,Calculated,0.14675,5.5E-4,-5.5E-4,Sing et al. 2024,0.9568,0.0288,-0.0288,Calculated,,,,0.67,0.02,-0.02,Piaulet et al. 2021
4.33525,0.00466,2.13299,0.0154,-0.01535,Calculated,0.14605,5.3E-4,-5.3E-4,Sing et al. 2024,0.9522,0.0286,-0.0286,Calculated,,,,0.67,0.02,-0.02,Piaulet et al. 2021
4.33992,0.00466,2.16511,0.0157,-0.01564,Calculated,0.14714,5.3E-4,-5.3E-4,Sing et al. 2024,0.9594,0.0288,-0.0288,Calculated,,,,0.67,0.02,-0.02,Piaulet et al. 2021
4.34458,0.00466,2.17225,0.01539,-0.01534,Calculated,0.14739,5.2E-4,-5.2E-4,Sing et al. 2024,0.9609,0.0289,-0.0289,Calculated,,,,0.67,0.02,-0.02,Piaulet et al. 2021
4.34925,0.00466,2.16338,0.01622,-0.01616,Calculated,0.14708,5.5E-4,-5.5E-4,Sing et al. 2024,0.959,0.0288,-0.0288,Calculated,,,,0.67,0.02,-0.02,Piaulet et al. 2021
4.35391,0.00466,2.16928,0.0169,-0.01684,Calculated,0.14728,5.7E-4,-5.7E-4,Sing et al. 2024,0.9603,0.0289,-0.0289,Calculated,,,,0.67,0.02,-0.02,Piaulet et al. 2021
4.35857,0.00466,2.16694,0.0164,-0.01634,Calculated,0.14721,5.6E-4,-5.6E-4,Sing et al. 2024,0.9598,0.0289,-0.0289,Calculated,,,,0.67,0.02,-0.02,Piaulet et al. 2021
4.36323,0.00466,2.14773,0.01568,-0.01562,Calculated,0.14655,5.3E-4,-5.3E-4,Sing et al. 2024,0.9555,0.0287,-0.0287,Calculated,,,,0.67,0.02,-0.02,Piaulet et al. 2021
4.3679,0.00463,2.14413,0.01658,-0.01652,Calculated,0.14643,5.7E-4,-5.7E-4,Sing et al. 2024,0.9547,0.0287,-0.0287,Calculated,,,,0.67,0.02,-0.02,Piaulet et al. 2021
4.37253,0.00466,2.14457,0.01658,-0.01651,Calculated,0.14644,5.6E-4,-5.6E-4,Sing et al. 2024,0.9548,0.0287,-0.0287,Calculated,,,,0.67,0.02,-0.02,Piaulet et al. 2021
4.37719,0.00466,2.12934,0.01686,-0.0168,Calculated,0.14592,5.8E-4,-5.8E-4,Sing et al. 2024,0.9514,0.0286,-0.0286,Calculated,,,,0.67,0.02,-0.02,Piaulet et al. 2021
4.38185,0.00466,2.14049,0.01703,-0.01697,Calculated,0.1463,5.8E-4,-5.8E-4,Sing et al. 2024,0.9539,0.0287,-0.0287,Calculated,,,,0.67,0.02,-0.02,Piaulet et al. 2021
4.38651,0.00463,2.13069,0.01635,-0.01629,Calculated,0.14597,5.6E-4,-5.6E-4,Sing et al. 2024,0.9517,0.0286,-0.0286,Calculated,,,,0.67,0.02,-0.02,Piaulet et al. 2021
4.39114,0.00466,2.1399,0.01744,-0.01737,Calculated,0.14628,5.9E-4,-5.9E-4,Sing et al. 2024,0.9538,0.0287,-0.0287,Calculated,,,,0.67,0.02,-0.02,Piaulet et al. 2021
4.3958,0.00466,2.128,0.01698,-0.01692,Calculated,0.14588,5.8E-4,-5.8E-4,Sing et al. 2024,0.9511,0.0286,-0.0286,Calculated,,,,0.67,0.02,-0.02,Piaulet et al. 2021
4.40046,0.00466,2.14031,0.01751,-0.01744,Calculated,0.1463,6.0E-4,-6.0E-4,Sing et al. 2024,0.9538,0.0287,-0.0287,Calculated,,,,0.67,0.02,-0.02,Piaulet et al. 2021
4.40512,0.00466,2.09757,0.01699,-0.01692,Calculated,0.14483,5.9E-4,-5.9E-4,Sing et al. 2024,0.9443,0.0284,-0.0284,Calculated,,,,0.67,0.02,-0.02,Piaulet et al. 2021
4.40977,0.00466,2.1281,0.01821,-0.01814,Calculated,0.14588,6.2E-4,-6.2E-4,Sing et al. 2024,0.9511,0.0287,-0.0287,Calculated,,,,0.67,0.02,-0.02,Piaulet et al. 2021
4.41443,0.00466,2.10761,0.01709,-0.01702,Calculated,0.14518,5.9E-4,-5.9E-4,Sing et al. 2024,0.9465,0.0285,-0.0285,Calculated,,,,0.67,0.02,-0.02,Piaulet et al. 2021
4.41909,0.00466,2.10221,0.01676,-0.0167,Calculated,0.14499,5.8E-4,-5.8E-4,Sing et al. 2024,0.9453,0.0285,-0.0285,Calculated,,,,0.67,0.02,-0.02,Piaulet et al. 2021
4.42375,0.00466,2.11873,0.0179,-0.01782,Calculated,0.14556,6.1E-4,-6.1E-4,Sing et al. 2024,0.949,0.0286,-0.0286,Calculated,,,,0.67,0.02,-0.02,Piaulet et al. 2021
4.42841,0.00466,2.10237,0.01749,-0.01741,Calculated,0.145,6.0E-4,-6.0E-4,Sing et al. 2024,0.9454,0.0285,-0.0285,Calculated,,,,0.67,0.02,-0.02,Piaulet et al. 2021
4.43306,0.00466,2.14153,0.01757,-0.0175,Calculated,0.14634,6.0E-4,-6.0E-4,Sing et al. 2024,0.9541,0.0287,-0.0287,Calculated,,,,0.67,0.02,-0.02,Piaulet et al. 2021
4.43772,0.00466,2.11886,0.01779,-0.01772,Calculated,0.14556,6.1E-4,-6.1E-4,Sing et al. 2024,0.9491,0.0286,-0.0286,Calculated,,,,0.67,0.02,-0.02,Piaulet et al. 2021
4.44237,0.00466,2.09425,0.01731,-0.01724,Calculated,0.14472,6.0E-4,-6.0E-4,Sing et al. 2024,0.9435,0.0284,-0.0284,Calculated,,,,0.67,0.02,-0.02,Piaulet et al. 2021
4.44703,0.00466,2.08937,0.01765,-0.01758,Calculated,0.14455,6.1E-4,-6.1E-4,Sing et al. 2024,0.9424,0.0284,-0.0284,Calculated,,,,0.67,0.02,-0.02,Piaulet et al. 2021
4.45168,0.00466,2.07383,0.01797,-0.01789,Calculated,0.14401,6.2E-4,-6.2E-4,Sing et al. 2024,0.9389,0.0283,-0.0283,Calculated,,,,0.67,0.02,-0.02,Piaulet et al. 2021
4.45632,0.00462,2.11247,0.01799,-0.01792,Calculated,0.14534,6.2E-4,-6.2E-4,Sing et al. 2024,0.9476,0.0286,-0.0286,Calculated,,,,0.67,0.02,-0.02,Piaulet et al. 2021
4.46096,0.00465,2.09076,0.01748,-0.0174,Calculated,0.14459,6.0E-4,-6.0E-4,Sing et al. 2024,0.9427,0.0284,-0.0284,Calculated,,,,0.67,0.02,-0.02,Piaulet et al. 2021
4.46562,0.00465,2.09863,0.01781,-0.01773,Calculated,0.14487,6.1E-4,-6.1E-4,Sing et al. 2024,0.9445,0.0285,-0.0285,Calculated,,,,0.67,0.02,-0.02,Piaulet et al. 2021
4.47027,0.00464,2.1069,0.01772,-0.01764,Calculated,0.14515,6.1E-4,-6.1E-4,Sing et al. 2024,0.9464,0.0285,-0.0285,Calculated,,,,0.67,0.02,-0.02,Piaulet et al. 2021
4.47489,0.00464,2.10827,0.01796,-0.01789,Calculated,0.1452,6.2E-4,-6.2E-4,Sing et al. 2024,0.9467,0.0285,-0.0285,Calculated,,,,0.67,0.02,-0.02,Piaulet et al. 2021
4.47954,0.00465,2.09372,0.01888,-0.01879,Calculated,0.1447,6.5E-4,-6.5E-4,Sing et al. 2024,0.9434,0.0285,-0.0285,Calculated,,,,0.67,0.02,-0.02,Piaulet et al. 2021
4.4842,0.00465,2.0585,0.01819,-0.01811,Calculated,0.14347,6.3E-4,-6.3E-4,Sing et al. 2024,0.9354,0.0282,-0.0282,Calculated,,,,0.67,0.02,-0.02,Piaulet et al. 2021
4.48885,0.00465,2.07523,0.01833,-0.01825,Calculated,0.14406,6.3E-4,-6.3E-4,Sing et al. 2024,0.9392,0.0283,-0.0283,Calculated,,,,0.67,0.02,-0.02,Piaulet et al. 2021
4.4935,0.00465,2.03853,0.0176,-0.01753,Calculated,0.14278,6.2E-4,-6.2E-4,Sing et al. 2024,0.9309,0.0281,-0.0281,Calculated,,,,0.67,0.02,-0.02,Piaulet et al. 2021
4.49815,0.00465,2.09168,0.01797,-0.01789,Calculated,0.14463,6.2E-4,-6.2E-4,Sing et al. 2024,0.9429,0.0284,-0.0284,Calculated,,,,0.67,0.02,-0.02,Piaulet et al. 2021
4.5028,0.00465,2.08055,0.01977,-0.01968,Calculated,0.14424,6.8E-4,-6.8E-4,Sing et al. 2024,0.9404,0.0284,-0.0284,Calculated,,,,0.67,0.02,-0.02,Piaulet et al. 2021
4.50745,0.00465,2.07223,0.01881,-0.01873,Calculated,0.14395,6.5E-4,-6.5E-4,Sing et al. 2024,0.9386,0.0283,-0.0283,Calculated,,,,0.67,0.02,-0.02,Piaulet et al. 2021
4.5121,0.00465,2.07505,0.01874,-0.01865,Calculated,0.14405,6.5E-4,-6.5E-4,Sing et al. 2024,0.9392,0.0284,-0.0284,Calculated,,,,0.67,0.02,-0.02,Piaulet et al. 2021
4.51675,0.00465,2.06262,0.01763,-0.01756,Calculated,0.14362,6.1E-4,-6.1E-4,Sing et al. 2024,0.9364,0.0282,-0.0282,Calculated,,,,0.67,0.02,-0.02,Piaulet et al. 2021
4.5214,0.00465,2.07553,0.01891,-0.01883,Calculated,0.14407,6.5E-4,-6.5E-4,Sing et al. 2024,0.9393,0.0284,-0.0284,Calculated,,,,0.67,0.02,-0.02,Piaulet et al. 2021
4.52605,0.00465,2.09714,0.0193,-0.01921,Calculated,0.14481,6.6E-4,-6.6E-4,Sing et al. 2024,0.9442,0.0285,-0.0285,Calculated,,,,0.67,0.02,-0.02,Piaulet et al. 2021
4.5307,0.00465,2.09104,0.01831,-0.01823,Calculated,0.1446,6.3E-4,-6.3E-4,Sing et al. 2024,0.9428,0.0284,-0.0284,Calculated,,,,0.67,0.02,-0.02,Piaulet et al. 2021
4.53531,0.00462,2.06951,0.01824,-0.01816,Calculated,0.14386,6.3E-4,-6.3E-4,Sing et al. 2024,0.9379,0.0283,-0.0283,Calculated,,,,0.67,0.02,-0.02,Piaulet et al. 2021
4.53996,0.00465,2.08686,0.01853,-0.01844,Calculated,0.14446,6.4E-4,-6.4E-4,Sing et al. 2024,0.9419,0.0284,-0.0284,Calculated,,,,0.67,0.02,-0.02,Piaulet et al. 2021
4.54461,0.00465,2.06515,0.01968,-0.01959,Calculated,0.14371,6.8E-4,-6.8E-4,Sing et al. 2024,0.9369,0.0283,-0.0283,Calculated,,,,0.67,0.02,-0.02,Piaulet et al. 2021
4.54922,0.00462,2.05477,0.01861,-0.01853,Calculated,0.14334,6.5E-4,-6.5E-4,Sing et al. 2024,0.9346,0.0282,-0.0282,Calculated,,,,0.67,0.02,-0.02,Piaulet et al. 2021
4.55387,0.00465,2.07253,0.01883,-0.01875,Calculated,0.14396,6.5E-4,-6.5E-4,Sing et al. 2024,0.9386,0.0283,-0.0283,Calculated,,,,0.67,0.02,-0.02,Piaulet et al. 2021
4.55851,0.00465,2.06559,0.01875,-0.01866,Calculated,0.14372,6.5E-4,-6.5E-4,Sing et al. 2024,0.937,0.0283,-0.0283,Calculated,,,,0.67,0.02,-0.02,Piaulet et al. 2021
4.56316,0.00465,2.03324,0.01904,-0.01895,Calculated,0.14259,6.7E-4,-6.7E-4,Sing et al. 2024,0.9297,0.0281,-0.0281,Calculated,,,,0.67,0.02,-0.02,Piaulet et al. 2021
4.56781,0.00464,2.09278,0.01947,-0.01938,Calculated,0.14466,6.7E-4,-6.7E-4,Sing et al. 2024,0.9432,0.0285,-0.0285,Calculated,,,,0.67,0.02,-0.02,Piaulet et al. 2021
4.57245,0.00464,2.09608,0.01965,-0.01956,Calculated,0.14478,6.8E-4,-6.8E-4,Sing et al. 2024,0.9439,0.0285,-0.0285,Calculated,,,,0.67,0.02,-0.02,Piaulet et al. 2021
4.57709,0.00464,2.10222,0.01962,-0.01952,Calculated,0.14499,6.7E-4,-6.7E-4,Sing et al. 2024,0.9453,0.0286,-0.0286,Calculated,,,,0.67,0.02,-0.02,Piaulet et al. 2021
4.58174,0.00464,2.09697,0.01964,-0.01955,Calculated,0.14481,6.8E-4,-6.8E-4,Sing et al. 2024,0.9441,0.0285,-0.0285,Calculated,,,,0.67,0.02,-0.02,Piaulet et al. 2021
4.58638,0.00464,2.08129,0.01956,-0.01946,Calculated,0.14427,6.8E-4,-6.8E-4,Sing et al. 2024,0.9406,0.0284,-0.0284,Calculated,,,,0.67,0.02,-0.02,Piaulet et al. 2021
4.59102,0.00464,2.10427,0.01983,-0.01974,Calculated,0.14506,6.8E-4,-6.8E-4,Sing et al. 2024,0.9458,0.0286,-0.0286,Calculated,,,,0.67,0.02,-0.02,Piaulet et al. 2021
4.59567,0.00464,2.05018,0.0195,-0.01941,Calculated,0.14318,6.8E-4,-6.8E-4,Sing et al. 2024,0.9335,0.0282,-0.0282,Calculated,,,,0.67,0.02,-0.02,Piaulet et al. 2021
4.60031,0.00464,2.0596,0.01917,-0.01908,Calculated,0.14351,6.7E-4,-6.7E-4,Sing et al. 2024,0.9357,0.0283,-0.0283,Calculated,,,,0.67,0.02,-0.02,Piaulet et al. 2021
4.60492,0.00461,2.08541,0.02007,-0.01997,Calculated,0.14441,6.9E-4,-6.9E-4,Sing et al. 2024,0.9415,0.0285,-0.0285,Calculated,,,,0.67,0.02,-0.02,Piaulet et al. 2021
4.60956,0.00464,2.05625,0.02018,-0.02008,Calculated,0.1434,7.0E-4,-7.0E-4,Sing et al. 2024,0.9349,0.0283,-0.0283,Calculated,,,,0.67,0.02,-0.02,Piaulet et al. 2021
4.6142,0.00462,2.08681,0.01925,-0.01916,Calculated,0.14446,6.6E-4,-6.6E-4,Sing et al. 2024,0.9418,0.0284,-0.0284,Calculated,,,,0.67,0.02,-0.02,Piaulet et al. 2021
4.61881,0.00462,2.07387,0.01935,-0.01926,Calculated,0.14401,6.7E-4,-6.7E-4,Sing et al. 2024,0.9389,0.0284,-0.0284,Calculated,,,,0.67,0.02,-0.02,Piaulet et al. 2021
4.62345,0.00464,2.07592,0.0191,-0.01901,Calculated,0.14408,6.6E-4,-6.6E-4,Sing et al. 2024,0.9394,0.0284,-0.0284,Calculated,,,,0.67,0.02,-0.02,Piaulet et al. 2021
4.62809,0.00464,2.04835,0.01943,-0.01934,Calculated,0.14312,6.8E-4,-6.8E-4,Sing et al. 2024,0.9331,0.0282,-0.0282,Calculated,,,,0.67,0.02,-0.02,Piaulet et al. 2021
4.63273,0.00464,2.08941,0.01954,-0.01945,Calculated,0.14455,6.7E-4,-6.7E-4,Sing et al. 2024,0.9424,0.0285,-0.0285,Calculated,,,,0.67,0.02,-0.02,Piaulet et al. 2021
4.63737,0.00464,2.09201,0.01989,-0.01979,Calculated,0.14464,6.9E-4,-6.9E-4,Sing et al. 2024,0.943,0.0285,-0.0285,Calculated,,,,0.67,0.02,-0.02,Piaulet et al. 2021
4.642,0.00464,2.08581,0.0196,-0.01951,Calculated,0.14442,6.8E-4,-6.8E-4,Sing et al. 2024,0.9416,0.0285,-0.0285,Calculated,,,,0.67,0.02,-0.02,Piaulet et al. 2021
4.64664,0.00464,2.1111,0.02052,-0.02042,Calculated,0.1453,7.0E-4,-7.0E-4,Sing et al. 2024,0.9473,0.0286,-0.0286,Calculated,,,,0.67,0.02,-0.02,Piaulet et al. 2021
4.65128,0.00464,2.08964,0.02014,-0.02004,Calculated,0.14456,6.9E-4,-6.9E-4,Sing et al. 2024,0.9425,0.0285,-0.0285,Calculated,,,,0.67,0.02,-0.02,Piaulet et al. 2021
4.65592,0.00464,2.09423,0.02022,-0.02012,Calculated,0.14471,7.0E-4,-7.0E-4,Sing et al. 2024,0.9435,0.0285,-0.0285,Calculated,,,,0.67,0.02,-0.02,Piaulet et al. 2021
4.66055,0.00464,2.05157,0.02077,-0.02067,Calculated,0.14323,7.2E-4,-7.2E-4,Sing et al. 2024,0.9339,0.0283,-0.0283,Calculated,,,,0.67,0.02,-0.02,Piaulet et al. 2021
4.66519,0.00464,2.06547,0.02141,-0.0213,Calculated,0.14372,7.4E-4,-7.4E-4,Sing et al. 2024,0.937,0.0284,-0.0284,Calculated,,,,0.67,0.02,-0.02,Piaulet et al. 2021
4.66979,0.0046,2.06623,0.01938,-0.01929,Calculated,0.14374,6.7E-4,-6.7E-4,Sing et al. 2024,0.9372,0.0283,-0.0283,Calculated,,,,0.67,0.02,-0.02,Piaulet et al. 2021
4.67443,0.00463,2.09897,0.02041,-0.02031,Calculated,0.14488,7.0E-4,-7.0E-4,Sing et al. 2024,0.9446,0.0286,-0.0286,Calculated,,,,0.67,0.02,-0.02,Piaulet et al. 2021
4.67905,0.0046,2.09714,0.02106,-0.02095,Calculated,0.14481,7.3E-4,-7.3E-4,Sing et al. 2024,0.9442,0.0286,-0.0286,Calculated,,,,0.67,0.02,-0.02,Piaulet et al. 2021
4.68366,0.00463,2.05285,0.021,-0.02089,Calculated,0.14328,7.3E-4,-7.3E-4,Sing et al. 2024,0.9342,0.0283,-0.0283,Calculated,,,,0.67,0.02,-0.02,Piaulet et al. 2021
4.6883,0.00463,2.07349,0.0209,-0.0208,Calculated,0.144,7.2E-4,-7.2E-4,Sing et al. 2024,0.9388,0.0284,-0.0284,Calculated,,,,0.67,0.02,-0.02,Piaulet et al. 2021
4.69293,0.00463,2.08314,0.02091,-0.0208,Calculated,0.14433,7.2E-4,-7.2E-4,Sing et al. 2024,0.941,0.0285,-0.0285,Calculated,,,,0.67,0.02,-0.02,Piaulet et al. 2021
4.69756,0.00463,2.12126,0.02014,-0.02004,Calculated,0.14565,6.9E-4,-6.9E-4,Sing et al. 2024,0.9496,0.0287,-0.0287,Calculated,,,,0.67,0.02,-0.02,Piaulet et al. 2021
4.7022,0.00463,2.07412,0.02203,-0.02192,Calculated,0.14402,7.6E-4,-7.6E-4,Sing et al. 2024,0.939,0.0285,-0.0285,Calculated,,,,0.67,0.02,-0.02,Piaulet et al. 2021
4.70683,0.00463,2.06061,0.02142,-0.02131,Calculated,0.14355,7.4E-4,-7.4E-4,Sing et al. 2024,0.9359,0.0284,-0.0284,Calculated,,,,0.67,0.02,-0.02,Piaulet et al. 2021
4.71146,0.00463,2.05453,0.02066,-0.02056,Calculated,0.14334,7.2E-4,-7.2E-4,Sing et al. 2024,0.9345,0.0283,-0.0283,Calculated,,,,0.67,0.02,-0.02,Piaulet et al. 2021
4.71609,0.00463,2.10277,0.02103,-0.02092,Calculated,0.14501,7.2E-4,-7.2E-4,Sing et al. 2024,0.9454,0.0286,-0.0286,Calculated,,,,0.67,0.02,-0.02,Piaulet et al. 2021
4.72072,0.00463,2.07884,0.0213,-0.02119,Calculated,0.14418,7.4E-4,-7.4E-4,Sing et al. 2024,0.94,0.0285,-0.0285,Calculated,,,,0.67,0.02,-0.02,Piaulet et al. 2021
4.72535,0.00461,2.04364,0.02041,-0.02031,Calculated,0.14296,7.1E-4,-7.1E-4,Sing et al. 2024,0.9321,0.0282,-0.0282,Calculated,,,,0.67,0.02,-0.02,Piaulet et al. 2021
4.72995,0.00461,2.12132,0.02053,-0.02043,Calculated,0.14565,7.0E-4,-7.0E-4,Sing et al. 2024,0.9496,0.0287,-0.0287,Calculated,,,,0.67,0.02,-0.02,Piaulet et al. 2021
4.73458,0.00463,2.05075,0.02047,-0.02037,Calculated,0.1432,7.1E-4,-7.1E-4,Sing et al. 2024,0.9337,0.0283,-0.0283,Calculated,,,,0.67,0.02,-0.02,Piaulet et al. 2021
4.73918,0.00459,2.05175,0.02096,-0.02085,Calculated,0.14324,7.3E-4,-7.3E-4,Sing et al. 2024,0.9339,0.0283,-0.0283,Calculated,,,,0.67,0.02,-0.02,Piaulet et al. 2021
4.7438,0.00463,2.05856,0.02167,-0.02156,Calculated,0.14348,7.5E-4,-7.5E-4,Sing et al. 2024,0.9355,0.0284,-0.0284,Calculated,,,,0.67,0.02,-0.02,Piaulet et al. 2021
4.74843,0.00463,2.1018,0.02078,-0.02068,Calculated,0.14498,7.1E-4,-7.1E-4,Sing et al. 2024,0.9452,0.0286,-0.0286,Calculated,,,,0.67,0.02,-0.02,Piaulet et al. 2021
4.75306,0.00463,2.03901,0.02008,-0.01998,Calculated,0.14279,7.0E-4,-7.0E-4,Sing et al. 2024,0.931,0.0282,-0.0282,Calculated,,,,0.67,0.02,-0.02,Piaulet et al. 2021
4.75769,0.00463,2.05807,0.02149,-0.02138,Calculated,0.14346,7.5E-4,-7.5E-4,Sing et al. 2024,0.9353,0.0283,-0.0283,Calculated,,,,0.67,0.02,-0.02,Piaulet et al. 2021
4.76231,0.00463,2.09421,0.02085,-0.02075,Calculated,0.14471,7.2E-4,-7.2E-4,Sing et al. 2024,0.9435,0.0286,-0.0286,Calculated,,,,0.67,0.02,-0.02,Piaulet et al. 2021
4.76694,0.00463,2.02726,0.02195,-0.02183,Calculated,0.14238,7.7E-4,-7.7E-4,Sing et al. 2024,0.9283,0.0282,-0.0282,Calculated,,,,0.67,0.02,-0.02,Piaulet et al. 2021
4.77156,0.00463,2.0117,0.02111,-0.021,Calculated,0.14183,7.4E-4,-7.4E-4,Sing et al. 2024,0.9247,0.028,-0.028,Calculated,,,,0.67,0.02,-0.02,Piaulet et al. 2021
4.77619,0.00463,2.06572,0.02184,-0.02173,Calculated,0.14373,7.6E-4,-7.6E-4,Sing et al. 2024,0.9371,0.0284,-0.0284,Calculated,,,,0.67,0.02,-0.02,Piaulet et al. 2021
4.78081,0.00459,2.05722,0.02187,-0.02176,Calculated,0.14343,7.6E-4,-7.6E-4,Sing et al. 2024,0.9351,0.0284,-0.0284,Calculated,,,,0.67,0.02,-0.02,Piaulet et al. 2021
4.78541,0.00463,2.08153,0.02197,-0.02185,Calculated,0.14428,7.6E-4,-7.6E-4,Sing et al. 2024,0.9407,0.0285,-0.0285,Calculated,,,,0.67,0.02,-0.02,Piaulet et al. 2021
4.79003,0.00461,2.03968,0.02061,-0.02051,Calculated,0.14282,7.2E-4,-7.2E-4,Sing et al. 2024,0.9312,0.0282,-0.0282,Calculated,,,,0.67,0.02,-0.02,Piaulet et al. 2021
4.79462,0.00461,2.07814,0.02233,-0.02221,Calculated,0.14416,7.7E-4,-7.7E-4,Sing et al. 2024,0.9399,0.0285,-0.0285,Calculated,,,,0.67,0.02,-0.02,Piaulet et al. 2021
4.79924,0.00462,2.04206,0.02184,-0.02173,Calculated,0.1429,7.6E-4,-7.6E-4,Sing et al. 2024,0.9317,0.0283,-0.0283,Calculated,,,,0.67,0.02,-0.02,Piaulet et al. 2021
4.80387,0.00462,2.05597,0.02228,-0.02216,Calculated,0.14339,7.7E-4,-7.7E-4,Sing et al. 2024,0.9349,0.0284,-0.0284,Calculated,,,,0.67,0.02,-0.02,Piaulet et al. 2021
4.80849,0.00462,2.06226,0.02161,-0.0215,Calculated,0.14361,7.5E-4,-7.5E-4,Sing et al. 2024,0.9363,0.0284,-0.0284,Calculated,,,,0.67,0.02,-0.02,Piaulet et al. 2021
4.81311,0.00462,2.06427,0.02153,-0.02142,Calculated,0.14368,7.5E-4,-7.5E-4,Sing et al. 2024,0.9367,0.0284,-0.0284,Calculated,,,,0.67,0.02,-0.02,Piaulet et al. 2021
4.81773,0.00462,2.06278,0.02198,-0.02187,Calculated,0.14362,7.6E-4,-7.6E-4,Sing et al. 2024,0.9364,0.0284,-0.0284,Calculated,,,,0.67,0.02,-0.02,Piaulet et al. 2021
4.82235,0.00462,2.05347,0.02225,-0.02213,Calculated,0.1433,7.7E-4,-7.7E-4,Sing et al. 2024,0.9343,0.0283,-0.0283,Calculated,,,,0.67,0.02,-0.02,Piaulet et al. 2021
4.82697,0.00462,2.0675,0.02214,-0.02202,Calculated,0.14379,7.7E-4,-7.7E-4,Sing et al. 2024,0.9375,0.0284,-0.0284,Calculated,,,,0.67,0.02,-0.02,Piaulet et al. 2021
4.83159,0.00462,2.06436,0.02234,-0.02222,Calculated,0.14368,7.8E-4,-7.8E-4,Sing et al. 2024,0.9368,0.0284,-0.0284,Calculated,,,,0.67,0.02,-0.02,Piaulet et al. 2021
4.83618,0.00459,2.06084,0.0219,-0.02178,Calculated,0.14356,7.6E-4,-7.6E-4,Sing et al. 2024,0.936,0.0284,-0.0284,Calculated,,,,0.67,0.02,-0.02,Piaulet et al. 2021
4.8408,0.00462,2.06213,0.02172,-0.02161,Calculated,0.1436,7.5E-4,-7.5E-4,Sing et al. 2024,0.9363,0.0284,-0.0284,Calculated,,,,0.67,0.02,-0.02,Piaulet et al. 2021
4.84538,0.00458,2.04119,0.02198,-0.02187,Calculated,0.14287,7.7E-4,-7.7E-4,Sing et al. 2024,0.9315,0.0283,-0.0283,Calculated,,,,0.67,0.02,-0.02,Piaulet et al. 2021
4.85,0.00462,2.07976,0.02206,-0.02194,Calculated,0.14421,7.6E-4,-7.6E-4,Sing et al. 2024,0.9403,0.0285,-0.0285,Calculated,,,,0.67,0.02,-0.02,Piaulet et al. 2021
4.85462,0.00462,2.10303,0.02336,-0.02323,Calculated,0.14502,8.0E-4,-8.0E-4,Sing et al. 2024,0.9455,0.0287,-0.0287,Calculated,,,,0.67,0.02,-0.02,Piaulet et al. 2021
4.85923,0.00462,2.05511,0.02141,-0.0213,Calculated,0.14336,7.4E-4,-7.4E-4,Sing et al. 2024,0.9347,0.0283,-0.0283,Calculated,,,,0.67,0.02,-0.02,Piaulet et al. 2021
4.86385,0.00462,2.04318,0.02235,-0.02223,Calculated,0.14294,7.8E-4,-7.8E-4,Sing et al. 2024,0.932,0.0283,-0.0283,Calculated,,,,0.67,0.02,-0.02,Piaulet et al. 2021
4.86846,0.00462,2.07859,0.02273,-0.0226,Calculated,0.14417,7.9E-4,-7.9E-4,Sing et al. 2024,0.94,0.0285,-0.0285,Calculated,,,,0.67,0.02,-0.02,Piaulet et al. 2021
4.87308,0.00461,2.0805,0.02328,-0.02315,Calculated,0.14424,8.0E-4,-8.0E-4,Sing et al. 2024,0.9404,0.0286,-0.0286,Calculated,,,,0.67,0.02,-0.02,Piaulet et al. 2021
4.87769,0.00461,2.09692,0.0231,-0.02297,Calculated,0.14481,8.0E-4,-8.0E-4,Sing et al. 2024,0.9441,0.0287,-0.0287,Calculated,,,,0.67,0.02,-0.02,Piaulet et al. 2021
4.88231,0.0046,2.07908,0.02249,-0.02237,Calculated,0.14419,7.8E-4,-7.8E-4,Sing et al. 2024,0.9401,0.0285,-0.0285,Calculated,,,,0.67,0.02,-0.02,Piaulet et al. 2021
4.88689,0.0046,2.09651,0.02328,-0.02315,Calculated,0.14479,8.0E-4,-8.0E-4,Sing et al. 2024,0.944,0.0287,-0.0287,Calculated,,,,0.67,0.02,-0.02,Piaulet et al. 2021
4.89151,0.00458,2.08186,0.0231,-0.02297,Calculated,0.14429,8.0E-4,-8.0E-4,Sing et al. 2024,0.9407,0.0286,-0.0286,Calculated,,,,0.67,0.02,-0.02,Piaulet et al. 2021
4.89608,0.00461,2.07351,0.02346,-0.02333,Calculated,0.144,8.1E-4,-8.1E-4,Sing et al. 2024,0.9388,0.0285,-0.0285,Calculated,,,,0.67,0.02,-0.02,Piaulet et al. 2021
4.90069,0.00461,2.0254,0.02381,-0.02367,Calculated,0.14232,8.3E-4,-8.3E-4,Sing et al. 2024,0.9279,0.0282,-0.0282,Calculated,,,,0.67,0.02,-0.02,Piaulet et al. 2021
4.90531,0.00461,2.03753,0.02259,-0.02246,Calculated,0.14274,7.9E-4,-7.9E-4,Sing et al. 2024,0.9307,0.0283,-0.0283,Calculated,,,,0.67,0.02,-0.02,Piaulet et al. 2021
4.90992,0.00461,2.0422,0.02314,-0.02301,Calculated,0.14291,8.1E-4,-8.1E-4,Sing et al. 2024,0.9317,0.0283,-0.0283,Calculated,,,,0.67,0.02,-0.02,Piaulet et al. 2021
4.91453,0.00461,2.04633,0.02289,-0.02276,Calculated,0.14305,8.0E-4,-8.0E-4,Sing et al. 2024,0.9327,0.0283,-0.0283,Calculated,,,,0.67,0.02,-0.02,Piaulet et al. 2021
4.91914,0.00461,2.04359,0.02371,-0.02358,Calculated,0.14295,8.3E-4,-8.3E-4,Sing et al. 2024,0.932,0.0283,-0.0283,Calculated,,,,0.67,0.02,-0.02,Piaulet et al. 2021
4.92375,0.00461,2.0602,0.02223,-0.02212,Calculated,0.14353,7.7E-4,-7.7E-4,Sing et al. 2024,0.9358,0.0284,-0.0284,Calculated,,,,0.67,0.02,-0.02,Piaulet et al. 2021
4.92836,0.00461,2.05865,0.0244,-0.02425,Calculated,0.14348,8.5E-4,-8.5E-4,Sing et al. 2024,0.9355,0.0285,-0.0285,Calculated,,,,0.67,0.02,-0.02,Piaulet et al. 2021
4.93293,0.00457,2.11108,0.0237,-0.02357,Calculated,0.1453,8.1E-4,-8.1E-4,Sing et al. 2024,0.9473,0.0288,-0.0288,Calculated,,,,0.67,0.02,-0.02,Piaulet et al. 2021
4.93754,0.00458,2.07758,0.02352,-0.02339,Calculated,0.14414,8.1E-4,-8.1E-4,Sing et al. 2024,0.9398,0.0285,-0.0285,Calculated,,,,0.67,0.02,-0.02,Piaulet et al. 2021
4.94212,0.00461,2.07562,0.02348,-0.02334,Calculated,0.14407,8.1E-4,-8.1E-4,Sing et al. 2024,0.9393,0.0285,-0.0285,Calculated,,,,0.67,0.02,-0.02,Piaulet et al. 2021
4.94672,0.00461,2.02986,0.02321,-0.02308,Calculated,0.14247,8.1E-4,-8.1E-4,Sing et al. 2024,0.9289,0.0282,-0.0282,Calculated,,,,0.67,0.02,-0.02,Piaulet et al. 2021
4.95133,0.00461,2.06241,0.02352,-0.02338,Calculated,0.14361,8.2E-4,-8.2E-4,Sing et al. 2024,0.9363,0.0285,-0.0285,Calculated,,,,0.67,0.02,-0.02,Piaulet et al. 2021
4.95594,0.00461,2.04101,0.02448,-0.02433,Calculated,0.14286,8.5E-4,-8.5E-4,Sing et al. 2024,0.9315,0.0284,-0.0284,Calculated,,,,0.67,0.02,-0.02,Piaulet et al. 2021
4.96054,0.00461,2.06354,0.02439,-0.02424,Calculated,0.14365,8.5E-4,-8.5E-4,Sing et al. 2024,0.9366,0.0285,-0.0285,Calculated,,,,0.67,0.02,-0.02,Piaulet et al. 2021
4.96515,0.0046,2.03701,0.02341,-0.02327,Calculated,0.14272,8.2E-4,-8.2E-4,Sing et al. 2024,0.9305,0.0283,-0.0283,Calculated,,,,0.67,0.02,-0.02,Piaulet et al. 2021
4.96975,0.0046,2.05225,0.02522,-0.02507,Calculated,0.14326,8.8E-4,-8.8E-4,Sing et al. 2024,0.934,0.0285,-0.0285,Calculated,,,,0.67,0.02,-0.02,Piaulet et al. 2021
4.97435,0.00457,2.05426,0.02385,-0.02371,Calculated,0.14333,8.3E-4,-8.3E-4,Sing et al. 2024,0.9345,0.0284,-0.0284,Calculated,,,,0.67,0.02,-0.02,Piaulet et al. 2021
4.97892,0.00461,2.07763,0.02363,-0.0235,Calculated,0.14414,8.2E-4,-8.2E-4,Sing et al. 2024,0.9398,0.0286,-0.0286,Calculated,,,,0.67,0.02,-0.02,Piaulet et al. 2021
4.98349,0.00457,2.07354,0.02454,-0.02439,Calculated,0.144,8.5E-4,-8.5E-4,Sing et al. 2024,0.9388,0.0286,-0.0286,Calculated,,,,0.67,0.02,-0.02,Piaulet et al. 2021
4.9881,0.0046,2.00675,0.02342,-0.02328,Calculated,0.14166,8.2E-4,-8.2E-4,Sing et al. 2024,0.9236,0.0281,-0.0281,Calculated,,,,0.67,0.02,-0.02,Piaulet et al. 2021
4.9927,0.0046,2.05743,0.0246,-0.02445,Calculated,0.14344,8.5E-4,-8.5E-4,Sing et al. 2024,0.9352,0.0285,-0.0285,Calculated,,,,0.67,0.02,-0.02,Piaulet et al. 2021
4.9973,0.0046,2.00416,0.02478,-0.02463,Calculated,0.14157,8.7E-4,-8.7E-4,Sing et al. 2024,0.923,0.0281,-0.0281,Calculated,,,,0.67,0.02,-0.02,Piaulet et al. 2021
5.0019,0.0046,2.06661,0.02464,-0.02449,Calculated,0.14376,8.5E-4,-8.5E-4,Sing et al. 2024,0.9373,0.0285,-0.0285,Calculated,,,,0.67,0.02,-0.02,Piaulet et al. 2021
5.0065,0.0046,2.033,0.02436,-0.02422,Calculated,0.14258,8.5E-4,-8.5E-4,Sing et al. 2024,0.9296,0.0283,-0.0283,Calculated,,,,0.67,0.02,-0.02,Piaulet et al. 2021
5.0111,0.0046,2.08047,0.02491,-0.02476,Calculated,0.14424,8.6E-4,-8.6E-4,Sing et al. 2024,0.9404,0.0286,-0.0286,Calculated,,,,0.67,0.02,-0.02,Piaulet et al. 2021
5.0157,0.0046,2.05118,0.02571,-0.02555,Calculated,0.14322,8.9E-4,-8.9E-4,Sing et al. 2024,0.9338,0.0285,-0.0285,Calculated,,,,0.67,0.02,-0.02,Piaulet et al. 2021
5.02027,0.00457,2.07342,0.02537,-0.02522,Calculated,0.14399,8.8E-4,-8.8E-4,Sing et al. 2024,0.9388,0.0286,-0.0286,Calculated,,,,0.67,0.02,-0.02,Piaulet et al. 2021
5.02487,0.00457,2.02127,0.02456,-0.02441,Calculated,0.14217,8.6E-4,-8.6E-4,Sing et al. 2024,0.9269,0.0282,-0.0282,Calculated,,,,0.67,0.02,-0.02,Piaulet et al. 2021
5.02943,0.0046,2.06372,0.02542,-0.02526,Calculated,0.14366,8.8E-4,-8.8E-4,Sing et al. 2024,0.9366,0.0285,-0.0285,Calculated,,,,0.67,0.02,-0.02,Piaulet et al. 2021
5.03403,0.0046,2.03938,0.02501,-0.02485,Calculated,0.14281,8.7E-4,-8.7E-4,Sing et al. 2024,0.9311,0.0284,-0.0284,Calculated,,,,0.67,0.02,-0.02,Piaulet et al. 2021
5.03862,0.0046,2.06544,0.02719,-0.02702,Calculated,0.14372,9.4E-4,-9.4E-4,Sing et al. 2024,0.937,0.0286,-0.0286,Calculated,,,,0.67,0.02,-0.02,Piaulet et al. 2021
5.04322,0.0046,2.10658,0.02497,-0.02482,Calculated,0.14514,8.6E-4,-8.6E-4,Sing et al. 2024,0.9463,0.0288,-0.0288,Calculated,,,,0.67,0.02,-0.02,Piaulet et al. 2021
5.04781,0.00459,2.0295,0.02538,-0.02522,Calculated,0.14246,8.9E-4,-8.9E-4,Sing et al. 2024,0.9288,0.0283,-0.0283,Calculated,,,,0.67,0.02,-0.02,Piaulet et al. 2021
5.05241,0.00459,2.00218,0.02552,-0.02535,Calculated,0.1415,9.0E-4,-9.0E-4,Sing et al. 2024,0.9226,0.0282,-0.0282,Calculated,,,,0.67,0.02,-0.02,Piaulet et al. 2021
5.057,0.0046,2.03828,0.02518,-0.02502,Calculated,0.14277,8.8E-4,-8.8E-4,Sing et al. 2024,0.9308,0.0284,-0.0284,Calculated,,,,0.67,0.02,-0.02,Piaulet et al. 2021
5.06156,0.00456,2.0037,0.02496,-0.02481,Calculated,0.14155,8.8E-4,-8.8E-4,Sing et al. 2024,0.9229,0.0281,-0.0281,Calculated,,,,0.67,0.02,-0.02,Piaulet et al. 2021
5.06614,0.00456,2.05906,0.02618,-0.02602,Calculated,0.14349,9.1E-4,-9.1E-4,Sing et al. 2024,0.9356,0.0285,-0.0285,Calculated,,,,0.67,0.02,-0.02,Piaulet et al. 2021
5.07072,0.00459,2.04751,0.02572,-0.02556,Calculated,0.14309,9.0E-4,-9.0E-4,Sing et al. 2024,0.9329,0.0285,-0.0285,Calculated,,,,0.67,0.02,-0.02,Piaulet et al. 2021
5.07531,0.00459,2.08187,0.02493,-0.02479,Calculated,0.14429,8.6E-4,-8.6E-4,Sing et al. 2024,0.9407,0.0286,-0.0286,Calculated,,,,0.67,0.02,-0.02,Piaulet et al. 2021
5.0799,0.00459,2.06332,0.02475,-0.0246,Calculated,0.14364,8.6E-4,-8.6E-4,Sing et al. 2024,0.9365,0.0285,-0.0285,Calculated,,,,0.67,0.02,-0.02,Piaulet et al. 2021
5.08449,0.00459,2.05497,0.02478,-0.02463,Calculated,0.14335,8.6E-4,-8.6E-4,Sing et al. 2024,0.9346,0.0285,-0.0285,Calculated,,,,0.67,0.02,-0.02,Piaulet et al. 2021
5.08908,0.00459,2.06377,0.02479,-0.02464,Calculated,0.14366,8.6E-4,-8.6E-4,Sing et al. 2024,0.9366,0.0285,-0.0285,Calculated,,,,0.67,0.02,-0.02,Piaulet et al. 2021
5.09367,0.00459,2.05876,0.02512,-0.02497,Calculated,0.14348,8.7E-4,-8.7E-4,Sing et al. 2024,0.9355,0.0285,-0.0285,Calculated,,,,0.67,0.02,-0.02,Piaulet et al. 2021
5.09826,0.00455,2.0565,0.02779,-0.02761,Calculated,0.14341,9.7E-4,-9.7E-4,Sing et al. 2024,0.935,0.0286,-0.0286,Calculated,,,,0.67,0.02,-0.02,Piaulet et al. 2021
5.10282,0.00459,2.03554,0.02541,-0.02525,Calculated,0.14267,8.9E-4,-8.9E-4,Sing et al. 2024,0.9302,0.0284,-0.0284,Calculated,,,,0.67,0.02,-0.02,Piaulet et al. 2021
5.1074,0.00459,2.02091,0.02513,-0.02497,Calculated,0.14216,8.8E-4,-8.8E-4,Sing et al. 2024,0.9269,0.0283,-0.0283,Calculated,,,,0.67,0.02,-0.02,Piaulet et al. 2021
5.11199,0.00459,2.07315,0.02829,-0.0281,Calculated,0.14398,9.8E-4,-9.8E-4,Sing et al. 2024,0.9388,0.0287,-0.0287,Calculated,,,,0.67,0.02,-0.02,Piaulet et al. 2021
5.11658,0.00459,2.07576,0.02574,-0.02558,Calculated,0.14408,8.9E-4,-8.9E-4,Sing et al. 2024,0.9394,0.0286,-0.0286,Calculated,,,,0.67,0.02,-0.02,Piaulet et al. 2021
5.12116,0.00459,2.05389,0.02618,-0.02602,Calculated,0.14331,9.1E-4,-9.1E-4,Sing et al. 2024,0.9344,0.0285,-0.0285,Calculated,,,,0.67,0.02,-0.02,Piaulet et al. 2021
5.12575,0.00459,2.02912,0.02398,-0.02384,Calculated,0.14245,8.4E-4,-8.4E-4,Sing et al. 2024,0.9287,0.0283,-0.0283,Calculated,,,,0.67,0.02,-0.02,Piaulet et al. 2021
5.13034,0.00459,2.12482,0.03141,-0.03118,Calculated,0.14577,0.00107,-0.00107,Sing et al. 2024,0.9504,0.0292,-0.0292,Calculated,,,,0.67,0.02,-0.02,Piaulet et al. 2021
5.13492,0.00458,2.02964,0.02619,-0.02602,Calculated,0.14247,9.2E-4,-9.2E-4,Sing et al. 2024,0.9289,0.0284,-0.0284,Calculated,,,,0.67,0.02,-0.02,Piaulet et al. 2021
5.13947,0.00455,2.07101,0.02484,-0.02469,Calculated,0.14391,8.6E-4,-8.6E-4,Sing et al. 2024,0.9383,0.0286,-0.0286,Calculated,,,,0.67,0.02,-0.02,Piaulet et al. 2021
5.14405,0.00458,2.05435,0.02578,-0.02562,Calculated,0.14333,9.0E-4,-9.0E-4,Sing et al. 2024,0.9345,0.0285,-0.0285,Calculated,,,,0.67,0.02,-0.02,Piaulet et al. 2021
5.14864,0.00458,2.03995,0.02655,-0.02638,Calculated,0.14283,9.3E-4,-9.3E-4,Sing et al. 2024,0.9312,0.0284,-0.0284,Calculated,,,,0.67,0.02,-0.02,Piaulet et al. 2021
5.15322,0.00458,2.07702,0.0259,-0.02574,Calculated,0.14412,9.0E-4,-9.0E-4,Sing et al. 2024,0.9396,0.0287,-0.0287,Calculated,,,,0.67,0.02,-0.02,Piaulet et al. 2021
5.1578,0.00458,2.06305,0.02856,-0.02836,Calculated,0.14363,9.9E-4,-9.9E-4,Sing et al. 2024,0.9365,0.0287,-0.0287,Calculated,,,,0.67,0.02,-0.02,Piaulet et al. 2021
5.16369,0.00654,2.03282,0.02276,-0.02264,Calculated,0.14258,8.0E-4,-8.0E-4,Sing et al. 2024,0.9296,0.0282,-0.0282,Calculated,,,,0.67,0.02,-0.02,Piaulet et al. 2021
